,,cases
Adams County,week 1,0
Adams County,week 2,0
Adams County,week 3,0
Adams County,week 4,0
Adams County,week 5,0
Adams County,week 6,0
Adams County,week 7,0
Adams County,week 8,0
Adams County,week 9,26
Adams County,week 10,55
Adams County,week 11,145
Adams County,week 12,325
Adams County,week 13,531
Adams County,week 14,773
Adams County,week 15,989
Adams County,week 16,1102
Adams County,week 17,1288
Adams County,week 18,1523
Adams County,week 19,1717
Adams County,week 20,1879
Adams County,week 21,2014
Adams County,week 22,2176
Adams County,week 23,2294
Adams County,week 24,2438
Adams County,week 25,2682
Adams County,week 26,2878
Adams County,week 27,3076
Adams County,week 28,3281
Adams County,week 29,3541
Adams County,week 30,3809
Adams County,week 31,3948
Adams County,week 32,4323
Adams County,week 33,4903
Adams County,week 34,5120
Adams County,week 35,5454
Adams County,week 36,5776
Adams County,week 37,6090
Adams County,week 38,6471
Adams County,week 39,6919
Adams County,week 40,7513
Adams County,week 41,8222
Adams County,week 42,9174
Adams County,week 43,1408
Allegheny County,week 1,0
Allegheny County,week 2,0
Allegheny County,week 3,0
Allegheny County,week 4,0
Allegheny County,week 5,0
Allegheny County,week 6,0
Allegheny County,week 7,0
Allegheny County,week 8,19
Allegheny County,week 9,232
Allegheny County,week 10,1523
Allegheny County,week 11,3739
Allegheny County,week 12,5729
Allegheny County,week 13,6921
Allegheny County,week 14,8282
Allegheny County,week 15,9299
Allegheny County,week 16,10314
Allegheny County,week 17,11175
Allegheny County,week 18,12295
Allegheny County,week 19,13204
Allegheny County,week 20,13917
Allegheny County,week 21,14508
Allegheny County,week 22,15167
Allegheny County,week 23,17438
Allegheny County,week 24,23994
Allegheny County,week 25,33244
Allegheny County,week 26,42747
Allegheny County,week 27,50024
Allegheny County,week 28,56816
Allegheny County,week 29,61426
Allegheny County,week 30,65397
Allegheny County,week 31,68650
Allegheny County,week 32,71441
Allegheny County,week 33,74771
Allegheny County,week 34,77831
Allegheny County,week 35,81519
Allegheny County,week 36,84591
Allegheny County,week 37,88218
Allegheny County,week 38,92284
Allegheny County,week 39,97510
Allegheny County,week 40,103448
Allegheny County,week 41,110377
Allegheny County,week 42,119988
Allegheny County,week 43,18339
Armstrong County,week 1,0
Armstrong County,week 2,0
Armstrong County,week 3,0
Armstrong County,week 4,0
Armstrong County,week 5,0
Armstrong County,week 6,0
Armstrong County,week 7,0
Armstrong County,week 8,0
Armstrong County,week 9,1
Armstrong County,week 10,16
Armstrong County,week 11,78
Armstrong County,week 12,170
Armstrong County,week 13,243
Armstrong County,week 14,314
Armstrong County,week 15,362
Armstrong County,week 16,385
Armstrong County,week 17,401
Armstrong County,week 18,407
Armstrong County,week 19,433
Armstrong County,week 20,452
Armstrong County,week 21,462
Armstrong County,week 22,482
Armstrong County,week 23,505
Armstrong County,week 24,544
Armstrong County,week 25,587
Armstrong County,week 26,739
Armstrong County,week 27,1050
Armstrong County,week 28,1282
Armstrong County,week 29,1458
Armstrong County,week 30,1682
Armstrong County,week 31,1919
Armstrong County,week 32,2165
Armstrong County,week 33,2411
Armstrong County,week 34,2644
Armstrong County,week 35,2857
Armstrong County,week 36,3025
Armstrong County,week 37,3219
Armstrong County,week 38,3503
Armstrong County,week 39,3914
Armstrong County,week 40,4442
Armstrong County,week 41,5352
Armstrong County,week 42,6472
Armstrong County,week 43,1051
Beaver County,week 1,0
Beaver County,week 2,0
Beaver County,week 3,0
Beaver County,week 4,0
Beaver County,week 5,0
Beaver County,week 6,0
Beaver County,week 7,0
Beaver County,week 8,1
Beaver County,week 9,18
Beaver County,week 10,186
Beaver County,week 11,539
Beaver County,week 12,993
Beaver County,week 13,1671
Beaver County,week 14,2473
Beaver County,week 15,3017
Beaver County,week 16,3379
Beaver County,week 17,3638
Beaver County,week 18,3872
Beaver County,week 19,4091
Beaver County,week 20,4202
Beaver County,week 21,4279
Beaver County,week 22,4350
Beaver County,week 23,4519
Beaver County,week 24,5041
Beaver County,week 25,5765
Beaver County,week 26,6581
Beaver County,week 27,7691
Beaver County,week 28,8526
Beaver County,week 29,9129
Beaver County,week 30,9748
Beaver County,week 31,10385
Beaver County,week 32,11060
Beaver County,week 33,11809
Beaver County,week 34,12323
Beaver County,week 35,12785
Beaver County,week 36,13143
Beaver County,week 37,13707
Beaver County,week 38,14211
Beaver County,week 39,14895
Beaver County,week 40,15563
Beaver County,week 41,16268
Beaver County,week 42,17354
Beaver County,week 43,2637
Bedford County,week 1,0
Bedford County,week 2,0
Bedford County,week 3,0
Bedford County,week 4,0
Bedford County,week 5,0
Bedford County,week 6,0
Bedford County,week 7,0
Bedford County,week 8,0
Bedford County,week 9,0
Bedford County,week 10,2
Bedford County,week 11,25
Bedford County,week 12,31
Bedford County,week 13,93
Bedford County,week 14,142
Bedford County,week 15,170
Bedford County,week 16,198
Bedford County,week 17,217
Bedford County,week 18,252
Bedford County,week 19,273
Bedford County,week 20,303
Bedford County,week 21,336
Bedford County,week 22,449
Bedford County,week 23,540
Bedford County,week 24,621
Bedford County,week 25,642
Bedford County,week 26,704
Bedford County,week 27,812
Bedford County,week 28,900
Bedford County,week 29,977
Bedford County,week 30,1053
Bedford County,week 31,1115
Bedford County,week 32,1173
Bedford County,week 33,1239
Bedford County,week 34,1406
Bedford County,week 35,1576
Bedford County,week 36,1673
Bedford County,week 37,1789
Bedford County,week 38,1978
Bedford County,week 39,2292
Bedford County,week 40,2611
Bedford County,week 41,3106
Bedford County,week 42,4261
Bedford County,week 43,727
Berks County,week 1,0
Berks County,week 2,0
Berks County,week 3,0
Berks County,week 4,0
Berks County,week 5,0
Berks County,week 6,0
Berks County,week 7,0
Berks County,week 8,0
Berks County,week 9,57
Berks County,week 10,462
Berks County,week 11,1726
Berks County,week 12,6114
Berks County,week 13,11870
Berks County,week 14,16648
Berks County,week 15,19731
Berks County,week 16,22831
Berks County,week 17,25382
Berks County,week 18,26937
Berks County,week 19,28157
Berks County,week 20,29290
Berks County,week 21,30081
Berks County,week 22,30741
Berks County,week 23,31421
Berks County,week 24,32027
Berks County,week 25,32715
Berks County,week 26,33617
Berks County,week 27,34934
Berks County,week 28,36201
Berks County,week 29,37463
Berks County,week 30,38888
Berks County,week 31,40462
Berks County,week 32,42042
Berks County,week 33,43717
Berks County,week 34,45518
Berks County,week 35,47613
Berks County,week 36,49204
Berks County,week 37,51066
Berks County,week 38,53931
Berks County,week 39,57429
Berks County,week 40,61781
Berks County,week 41,66964
Berks County,week 42,71870
Berks County,week 43,10767
Blair County,week 1,0
Blair County,week 2,0
Blair County,week 3,0
Blair County,week 4,0
Blair County,week 5,0
Blair County,week 6,0
Blair County,week 7,0
Blair County,week 8,0
Blair County,week 9,0
Blair County,week 10,15
Blair County,week 11,33
Blair County,week 12,63
Blair County,week 13,92
Blair County,week 14,132
Blair County,week 15,166
Blair County,week 16,196
Blair County,week 17,243
Blair County,week 18,317
Blair County,week 19,347
Blair County,week 20,369
Blair County,week 21,380
Blair County,week 22,401
Blair County,week 23,491
Blair County,week 24,566
Blair County,week 25,700
Blair County,week 26,912
Blair County,week 27,1193
Blair County,week 28,1513
Blair County,week 29,1910
Blair County,week 30,2321
Blair County,week 31,2749
Blair County,week 32,3108
Blair County,week 33,3412
Blair County,week 34,3623
Blair County,week 35,3956
Blair County,week 36,4628
Blair County,week 37,5310
Blair County,week 38,6074
Blair County,week 39,6977
Blair County,week 40,7999
Blair County,week 41,9746
Blair County,week 42,12835
Blair County,week 43,2076
Bradford County,week 1,0
Bradford County,week 2,0
Bradford County,week 3,0
Bradford County,week 4,0
Bradford County,week 5,0
Bradford County,week 6,0
Bradford County,week 7,0
Bradford County,week 8,0
Bradford County,week 9,1
Bradford County,week 10,21
Bradford County,week 11,69
Bradford County,week 12,120
Bradford County,week 13,160
Bradford County,week 14,196
Bradford County,week 15,233
Bradford County,week 16,257
Bradford County,week 17,285
Bradford County,week 18,304
Bradford County,week 19,322
Bradford County,week 20,322
Bradford County,week 21,326
Bradford County,week 22,344
Bradford County,week 23,382
Bradford County,week 24,395
Bradford County,week 25,413
Bradford County,week 26,444
Bradford County,week 27,513
Bradford County,week 28,568
Bradford County,week 29,601
Bradford County,week 30,643
Bradford County,week 31,663
Bradford County,week 32,686
Bradford County,week 33,707
Bradford County,week 34,739
Bradford County,week 35,853
Bradford County,week 36,1011
Bradford County,week 37,1429
Bradford County,week 38,2225
Bradford County,week 39,3157
Bradford County,week 40,4344
Bradford County,week 41,6023
Bradford County,week 42,7618
Bradford County,week 43,1224
Bucks County,week 1,0
Bucks County,week 2,0
Bucks County,week 3,0
Bucks County,week 4,0
Bucks County,week 5,0
Bucks County,week 6,0
Bucks County,week 7,2
Bucks County,week 8,27
Bucks County,week 9,201
Bucks County,week 10,1204
Bucks County,week 11,3480
Bucks County,week 12,7142
Bucks County,week 13,11301
Bucks County,week 14,16571
Bucks County,week 15,21927
Bucks County,week 16,26833
Bucks County,week 17,30658
Bucks County,week 18,33668
Bucks County,week 19,35256
Bucks County,week 20,36578
Bucks County,week 21,37839
Bucks County,week 22,38703
Bucks County,week 23,39839
Bucks County,week 24,40994
Bucks County,week 25,42389
Bucks County,week 26,44228
Bucks County,week 27,46512
Bucks County,week 28,48575
Bucks County,week 29,50161
Bucks County,week 30,51637
Bucks County,week 31,52900
Bucks County,week 32,54162
Bucks County,week 33,55944
Bucks County,week 34,57575
Bucks County,week 35,59422
Bucks County,week 36,61217
Bucks County,week 37,62979
Bucks County,week 38,64917
Bucks County,week 39,66904
Bucks County,week 40,69436
Bucks County,week 41,72984
Bucks County,week 42,78444
Bucks County,week 43,11921
Butler County,week 1,0
Butler County,week 2,0
Butler County,week 3,0
Butler County,week 4,0
Butler County,week 5,0
Butler County,week 6,0
Butler County,week 7,0
Butler County,week 8,0
Butler County,week 9,13
Butler County,week 10,254
Butler County,week 11,577
Butler County,week 12,896
Butler County,week 13,1105
Butler County,week 14,1178
Butler County,week 15,1257
Butler County,week 16,1348
Butler County,week 17,1412
Butler County,week 18,1501
Butler County,week 19,1596
Butler County,week 20,1700
Butler County,week 21,1792
Butler County,week 22,1864
Butler County,week 23,2036
Butler County,week 24,2372
Butler County,week 25,2893
Butler County,week 26,3307
Butler County,week 27,3806
Butler County,week 28,4198
Butler County,week 29,4571
Butler County,week 30,4994
Butler County,week 31,5193
Butler County,week 32,5416
Butler County,week 33,5948
Butler County,week 34,6487
Butler County,week 35,6896
Butler County,week 36,7293
Butler County,week 37,7772
Butler County,week 38,8681
Butler County,week 39,9684
Butler County,week 40,10987
Butler County,week 41,12930
Butler County,week 42,15542
Butler County,week 43,2566
Cambria County,week 1,0
Cambria County,week 2,0
Cambria County,week 3,0
Cambria County,week 4,0
Cambria County,week 5,0
Cambria County,week 6,0
Cambria County,week 7,0
Cambria County,week 8,0
Cambria County,week 9,2
Cambria County,week 10,9
Cambria County,week 11,38
Cambria County,week 12,84
Cambria County,week 13,117
Cambria County,week 14,145
Cambria County,week 15,217
Cambria County,week 16,286
Cambria County,week 17,354
Cambria County,week 18,391
Cambria County,week 19,402
Cambria County,week 20,414
Cambria County,week 21,426
Cambria County,week 22,428
Cambria County,week 23,501
Cambria County,week 24,650
Cambria County,week 25,888
Cambria County,week 26,1143
Cambria County,week 27,1465
Cambria County,week 28,1806
Cambria County,week 29,2323
Cambria County,week 30,2617
Cambria County,week 31,2953
Cambria County,week 32,3186
Cambria County,week 33,3431
Cambria County,week 34,3625
Cambria County,week 35,3776
Cambria County,week 36,3978
Cambria County,week 37,4460
Cambria County,week 38,5162
Cambria County,week 39,5976
Cambria County,week 40,6990
Cambria County,week 41,8356
Cambria County,week 42,10688
Cambria County,week 43,1780
Cameron County,week 1,0
Cameron County,week 2,0
Cameron County,week 3,0
Cameron County,week 4,0
Cameron County,week 5,0
Cameron County,week 6,0
Cameron County,week 7,0
Cameron County,week 8,0
Cameron County,week 9,0
Cameron County,week 10,4
Cameron County,week 11,7
Cameron County,week 12,7
Cameron County,week 13,7
Cameron County,week 14,7
Cameron County,week 15,8
Cameron County,week 16,14
Cameron County,week 17,14
Cameron County,week 18,14
Cameron County,week 19,14
Cameron County,week 20,14
Cameron County,week 21,14
Cameron County,week 22,14
Cameron County,week 23,17
Cameron County,week 24,25
Cameron County,week 25,28
Cameron County,week 26,35
Cameron County,week 27,35
Cameron County,week 28,39
Cameron County,week 29,45
Cameron County,week 30,55
Cameron County,week 31,56
Cameron County,week 32,56
Cameron County,week 33,56
Cameron County,week 34,56
Cameron County,week 35,56
Cameron County,week 36,56
Cameron County,week 37,56
Cameron County,week 38,56
Cameron County,week 39,56
Cameron County,week 40,57
Cameron County,week 41,72
Cameron County,week 42,99
Cameron County,week 43,16
Carbon County,week 1,0
Carbon County,week 2,0
Carbon County,week 3,0
Carbon County,week 4,0
Carbon County,week 5,0
Carbon County,week 6,0
Carbon County,week 7,0
Carbon County,week 8,0
Carbon County,week 9,1
Carbon County,week 10,47
Carbon County,week 11,305
Carbon County,week 12,657
Carbon County,week 13,913
Carbon County,week 14,1127
Carbon County,week 15,1261
Carbon County,week 16,1356
Carbon County,week 17,1469
Carbon County,week 18,1582
Carbon County,week 19,1644
Carbon County,week 20,1728
Carbon County,week 21,1801
Carbon County,week 22,1857
Carbon County,week 23,1917
Carbon County,week 24,1995
Carbon County,week 25,2075
Carbon County,week 26,2224
Carbon County,week 27,2416
Carbon County,week 28,2511
Carbon County,week 29,2585
Carbon County,week 30,2717
Carbon County,week 31,2889
Carbon County,week 32,2945
Carbon County,week 33,2998
Carbon County,week 34,3047
Carbon County,week 35,3114
Carbon County,week 36,3234
Carbon County,week 37,3323
Carbon County,week 38,3521
Carbon County,week 39,3753
Carbon County,week 40,3963
Carbon County,week 41,4277
Carbon County,week 42,4894
Carbon County,week 43,773
Centre County,week 1,0
Centre County,week 2,0
Centre County,week 3,0
Centre County,week 4,0
Centre County,week 5,0
Centre County,week 6,0
Centre County,week 7,0
Centre County,week 8,0
Centre County,week 9,13
Centre County,week 10,115
Centre County,week 11,268
Centre County,week 12,456
Centre County,week 13,513
Centre County,week 14,571
Centre County,week 15,696
Centre County,week 16,823
Centre County,week 17,907
Centre County,week 18,991
Centre County,week 19,1063
Centre County,week 20,1087
Centre County,week 21,1160
Centre County,week 22,1259
Centre County,week 23,1394
Centre County,week 24,1543
Centre County,week 25,1694
Centre County,week 26,1932
Centre County,week 27,2281
Centre County,week 28,2488
Centre County,week 29,2580
Centre County,week 30,2718
Centre County,week 31,2905
Centre County,week 32,3212
Centre County,week 33,4404
Centre County,week 34,7813
Centre County,week 35,12131
Centre County,week 36,16603
Centre County,week 37,20412
Centre County,week 38,23698
Centre County,week 39,25693
Centre County,week 40,27727
Centre County,week 41,29785
Centre County,week 42,31904
Centre County,week 43,4768
Chester County,week 1,0
Chester County,week 2,0
Chester County,week 3,0
Chester County,week 4,0
Chester County,week 5,0
Chester County,week 6,0
Chester County,week 7,0
Chester County,week 8,11
Chester County,week 9,158
Chester County,week 10,803
Chester County,week 11,1780
Chester County,week 12,3591
Chester County,week 13,5533
Chester County,week 14,7784
Chester County,week 15,10243
Chester County,week 16,12489
Chester County,week 17,14593
Chester County,week 18,16440
Chester County,week 19,18671
Chester County,week 20,21027
Chester County,week 21,22819
Chester County,week 22,24194
Chester County,week 23,25429
Chester County,week 24,26596
Chester County,week 25,27837
Chester County,week 26,29675
Chester County,week 27,31999
Chester County,week 28,34009
Chester County,week 29,35511
Chester County,week 30,36880
Chester County,week 31,37938
Chester County,week 32,39059
Chester County,week 33,40887
Chester County,week 34,43235
Chester County,week 35,45559
Chester County,week 36,47386
Chester County,week 37,49155
Chester County,week 38,50998
Chester County,week 39,52931
Chester County,week 40,54858
Chester County,week 41,57573
Chester County,week 42,61189
Chester County,week 43,9169
Clarion County,week 1,0
Clarion County,week 2,0
Clarion County,week 3,0
Clarion County,week 4,0
Clarion County,week 5,0
Clarion County,week 6,0
Clarion County,week 7,0
Clarion County,week 8,0
Clarion County,week 9,0
Clarion County,week 10,6
Clarion County,week 11,36
Clarion County,week 12,88
Clarion County,week 13,123
Clarion County,week 14,150
Clarion County,week 15,161
Clarion County,week 16,161
Clarion County,week 17,168
Clarion County,week 18,175
Clarion County,week 19,184
Clarion County,week 20,191
Clarion County,week 21,214
Clarion County,week 22,219
Clarion County,week 23,234
Clarion County,week 24,297
Clarion County,week 25,409
Clarion County,week 26,472
Clarion County,week 27,500
Clarion County,week 28,525
Clarion County,week 29,551
Clarion County,week 30,611
Clarion County,week 31,664
Clarion County,week 32,684
Clarion County,week 33,701
Clarion County,week 34,765
Clarion County,week 35,796
Clarion County,week 36,845
Clarion County,week 37,934
Clarion County,week 38,1098
Clarion County,week 39,1234
Clarion County,week 40,1434
Clarion County,week 41,1696
Clarion County,week 42,2240
Clarion County,week 43,386
Clearfield County,week 1,0
Clearfield County,week 2,0
Clearfield County,week 3,0
Clearfield County,week 4,0
Clearfield County,week 5,0
Clearfield County,week 6,0
Clearfield County,week 7,0
Clearfield County,week 8,0
Clearfield County,week 9,1
Clearfield County,week 10,18
Clearfield County,week 11,41
Clearfield County,week 12,58
Clearfield County,week 13,69
Clearfield County,week 14,77
Clearfield County,week 15,125
Clearfield County,week 16,171
Clearfield County,week 17,229
Clearfield County,week 18,238
Clearfield County,week 19,272
Clearfield County,week 20,307
Clearfield County,week 21,366
Clearfield County,week 22,450
Clearfield County,week 23,501
Clearfield County,week 24,523
Clearfield County,week 25,612
Clearfield County,week 26,691
Clearfield County,week 27,788
Clearfield County,week 28,926
Clearfield County,week 29,1136
Clearfield County,week 30,1315
Clearfield County,week 31,1445
Clearfield County,week 32,1560
Clearfield County,week 33,1731
Clearfield County,week 34,1916
Clearfield County,week 35,2107
Clearfield County,week 36,2239
Clearfield County,week 37,2376
Clearfield County,week 38,2518
Clearfield County,week 39,2714
Clearfield County,week 40,3050
Clearfield County,week 41,3474
Clearfield County,week 42,4091
Clearfield County,week 43,670
Clinton County,week 1,0
Clinton County,week 2,0
Clinton County,week 3,0
Clinton County,week 4,0
Clinton County,week 5,0
Clinton County,week 6,0
Clinton County,week 7,0
Clinton County,week 8,0
Clinton County,week 9,0
Clinton County,week 10,0
Clinton County,week 11,9
Clinton County,week 12,44
Clinton County,week 13,70
Clinton County,week 14,137
Clinton County,week 15,223
Clinton County,week 16,270
Clinton County,week 17,303
Clinton County,week 18,345
Clinton County,week 19,393
Clinton County,week 20,422
Clinton County,week 21,437
Clinton County,week 22,480
Clinton County,week 23,527
Clinton County,week 24,562
Clinton County,week 25,656
Clinton County,week 26,715
Clinton County,week 27,754
Clinton County,week 28,798
Clinton County,week 29,839
Clinton County,week 30,889
Clinton County,week 31,905
Clinton County,week 32,934
Clinton County,week 33,1073
Clinton County,week 34,1177
Clinton County,week 35,1319
Clinton County,week 36,1434
Clinton County,week 37,1481
Clinton County,week 38,1568
Clinton County,week 39,1659
Clinton County,week 40,1769
Clinton County,week 41,1947
Clinton County,week 42,2235
Clinton County,week 43,349
Columbia County,week 1,0
Columbia County,week 2,0
Columbia County,week 3,0
Columbia County,week 4,0
Columbia County,week 5,0
Columbia County,week 6,0
Columbia County,week 7,0
Columbia County,week 8,0
Columbia County,week 9,3
Columbia County,week 10,30
Columbia County,week 11,144
Columbia County,week 12,643
Columbia County,week 13,1262
Columbia County,week 14,1818
Columbia County,week 15,2030
Columbia County,week 16,2220
Columbia County,week 17,2343
Columbia County,week 18,2395
Columbia County,week 19,2429
Columbia County,week 20,2509
Columbia County,week 21,2627
Columbia County,week 22,2743
Columbia County,week 23,2794
Columbia County,week 24,2857
Columbia County,week 25,2925
Columbia County,week 26,3006
Columbia County,week 27,3128
Columbia County,week 28,3212
Columbia County,week 29,3305
Columbia County,week 30,3411
Columbia County,week 31,3594
Columbia County,week 32,4285
Columbia County,week 33,5323
Columbia County,week 34,5825
Columbia County,week 35,5996
Columbia County,week 36,6206
Columbia County,week 37,6589
Columbia County,week 38,6938
Columbia County,week 39,7133
Columbia County,week 40,7302
Columbia County,week 41,7512
Columbia County,week 42,7879
Columbia County,week 43,1165
Crawford County,week 1,0
Crawford County,week 2,0
Crawford County,week 3,0
Crawford County,week 4,0
Crawford County,week 5,0
Crawford County,week 6,0
Crawford County,week 7,0
Crawford County,week 8,0
Crawford County,week 9,0
Crawford County,week 10,15
Crawford County,week 11,43
Crawford County,week 12,96
Crawford County,week 13,113
Crawford County,week 14,131
Crawford County,week 15,133
Crawford County,week 16,142
Crawford County,week 17,147
Crawford County,week 18,150
Crawford County,week 19,191
Crawford County,week 20,210
Crawford County,week 21,238
Crawford County,week 22,273
Crawford County,week 23,361
Crawford County,week 24,448
Crawford County,week 25,539
Crawford County,week 26,745
Crawford County,week 27,817
Crawford County,week 28,884
Crawford County,week 29,1010
Crawford County,week 30,1162
Crawford County,week 31,1288
Crawford County,week 32,1451
Crawford County,week 33,1590
Crawford County,week 34,1724
Crawford County,week 35,1994
Crawford County,week 36,2125
Crawford County,week 37,2260
Crawford County,week 38,2400
Crawford County,week 39,2656
Crawford County,week 40,3164
Crawford County,week 41,3994
Crawford County,week 42,4944
Crawford County,week 43,813
Cumberland County,week 1,0
Cumberland County,week 2,0
Cumberland County,week 3,0
Cumberland County,week 4,0
Cumberland County,week 5,0
Cumberland County,week 6,0
Cumberland County,week 7,0
Cumberland County,week 8,26
Cumberland County,week 9,79
Cumberland County,week 10,148
Cumberland County,week 11,381
Cumberland County,week 12,729
Cumberland County,week 13,1160
Cumberland County,week 14,1771
Cumberland County,week 15,2511
Cumberland County,week 16,2974
Cumberland County,week 17,3534
Cumberland County,week 18,4058
Cumberland County,week 19,4384
Cumberland County,week 20,4659
Cumberland County,week 21,5026
Cumberland County,week 22,5430
Cumberland County,week 23,5836
Cumberland County,week 24,6160
Cumberland County,week 25,6558
Cumberland County,week 26,7056
Cumberland County,week 27,7746
Cumberland County,week 28,8485
Cumberland County,week 29,8984
Cumberland County,week 30,9503
Cumberland County,week 31,10037
Cumberland County,week 32,10573
Cumberland County,week 33,11119
Cumberland County,week 34,11624
Cumberland County,week 35,12207
Cumberland County,week 36,12867
Cumberland County,week 37,13655
Cumberland County,week 38,14448
Cumberland County,week 39,15584
Cumberland County,week 40,16704
Cumberland County,week 41,17831
Cumberland County,week 42,19724
Cumberland County,week 43,3119
Dauphin County,week 1,0
Dauphin County,week 2,0
Dauphin County,week 3,0
Dauphin County,week 4,0
Dauphin County,week 5,0
Dauphin County,week 6,0
Dauphin County,week 7,0
Dauphin County,week 8,0
Dauphin County,week 9,6
Dauphin County,week 10,180
Dauphin County,week 11,709
Dauphin County,week 12,1478
Dauphin County,week 13,2366
Dauphin County,week 14,3428
Dauphin County,week 15,4341
Dauphin County,week 16,5511
Dauphin County,week 17,6546
Dauphin County,week 18,7515
Dauphin County,week 19,8814
Dauphin County,week 20,10179
Dauphin County,week 21,11258
Dauphin County,week 22,12294
Dauphin County,week 23,13564
Dauphin County,week 24,15126
Dauphin County,week 25,15925
Dauphin County,week 26,16703
Dauphin County,week 27,17652
Dauphin County,week 28,18562
Dauphin County,week 29,19475
Dauphin County,week 30,20681
Dauphin County,week 31,21719
Dauphin County,week 32,22917
Dauphin County,week 33,24001
Dauphin County,week 34,24844
Dauphin County,week 35,25723
Dauphin County,week 36,26463
Dauphin County,week 37,27425
Dauphin County,week 38,28923
Dauphin County,week 39,30503
Dauphin County,week 40,32252
Dauphin County,week 41,34681
Dauphin County,week 42,37892
Dauphin County,week 43,5719
Delaware County,week 1,0
Delaware County,week 2,0
Delaware County,week 3,0
Delaware County,week 4,0
Delaware County,week 5,0
Delaware County,week 6,0
Delaware County,week 7,5
Delaware County,week 8,37
Delaware County,week 9,265
Delaware County,week 10,1585
Delaware County,week 11,4446
Delaware County,week 12,10255
Delaware County,week 13,15967
Delaware County,week 14,21980
Delaware County,week 15,27742
Delaware County,week 16,33492
Delaware County,week 17,38435
Delaware County,week 18,42619
Delaware County,week 19,44863
Delaware County,week 20,46521
Delaware County,week 21,48009
Delaware County,week 22,49128
Delaware County,week 23,49949
Delaware County,week 24,51141
Delaware County,week 25,52605
Delaware County,week 26,54652
Delaware County,week 27,57587
Delaware County,week 28,61219
Delaware County,week 29,64246
Delaware County,week 30,67333
Delaware County,week 31,69917
Delaware County,week 32,71951
Delaware County,week 33,74098
Delaware County,week 34,75914
Delaware County,week 35,77705
Delaware County,week 36,79468
Delaware County,week 37,81590
Delaware County,week 38,84298
Delaware County,week 39,87445
Delaware County,week 40,91493
Delaware County,week 41,97088
Delaware County,week 42,104003
Delaware County,week 43,15592
Elk County,week 1,0
Elk County,week 2,0
Elk County,week 3,0
Elk County,week 4,0
Elk County,week 5,0
Elk County,week 6,0
Elk County,week 7,0
Elk County,week 8,0
Elk County,week 9,0
Elk County,week 10,0
Elk County,week 11,2
Elk County,week 12,14
Elk County,week 13,14
Elk County,week 14,17
Elk County,week 15,25
Elk County,week 16,34
Elk County,week 17,42
Elk County,week 18,42
Elk County,week 19,42
Elk County,week 20,42
Elk County,week 21,42
Elk County,week 22,54
Elk County,week 23,85
Elk County,week 24,129
Elk County,week 25,205
Elk County,week 26,243
Elk County,week 27,271
Elk County,week 28,305
Elk County,week 29,337
Elk County,week 30,390
Elk County,week 31,442
Elk County,week 32,448
Elk County,week 33,451
Elk County,week 34,459
Elk County,week 35,469
Elk County,week 36,500
Elk County,week 37,531
Elk County,week 38,579
Elk County,week 39,717
Elk County,week 40,1024
Elk County,week 41,1307
Elk County,week 42,1809
Elk County,week 43,304
Erie County,week 1,0
Erie County,week 2,0
Erie County,week 3,0
Erie County,week 4,0
Erie County,week 5,0
Erie County,week 6,0
Erie County,week 7,0
Erie County,week 8,0
Erie County,week 9,11
Erie County,week 10,56
Erie County,week 11,134
Erie County,week 12,255
Erie County,week 13,372
Erie County,week 14,523
Erie County,week 15,626
Erie County,week 16,799
Erie County,week 17,944
Erie County,week 18,1388
Erie County,week 19,1885
Erie County,week 20,2477
Erie County,week 21,3124
Erie County,week 22,3623
Erie County,week 23,4055
Erie County,week 24,4524
Erie County,week 25,4971
Erie County,week 26,5408
Erie County,week 27,5908
Erie County,week 28,6648
Erie County,week 29,7573
Erie County,week 30,8345
Erie County,week 31,8961
Erie County,week 32,9369
Erie County,week 33,9680
Erie County,week 34,9925
Erie County,week 35,10259
Erie County,week 36,10740
Erie County,week 37,11324
Erie County,week 38,12262
Erie County,week 39,13007
Erie County,week 40,13842
Erie County,week 41,15534
Erie County,week 42,17872
Erie County,week 43,2846
Fayette County,week 1,0
Fayette County,week 2,0
Fayette County,week 3,0
Fayette County,week 4,0
Fayette County,week 5,0
Fayette County,week 6,0
Fayette County,week 7,0
Fayette County,week 8,0
Fayette County,week 9,4
Fayette County,week 10,66
Fayette County,week 11,160
Fayette County,week 12,348
Fayette County,week 13,452
Fayette County,week 14,532
Fayette County,week 15,573
Fayette County,week 16,592
Fayette County,week 17,619
Fayette County,week 18,656
Fayette County,week 19,665
Fayette County,week 20,665
Fayette County,week 21,665
Fayette County,week 22,716
Fayette County,week 23,763
Fayette County,week 24,947
Fayette County,week 25,1306
Fayette County,week 26,1746
Fayette County,week 27,2151
Fayette County,week 28,2750
Fayette County,week 29,3410
Fayette County,week 30,4282
Fayette County,week 31,4574
Fayette County,week 32,4778
Fayette County,week 33,4954
Fayette County,week 34,5160
Fayette County,week 35,5361
Fayette County,week 36,5554
Fayette County,week 37,5775
Fayette County,week 38,6031
Fayette County,week 39,6406
Fayette County,week 40,6865
Fayette County,week 41,7420
Fayette County,week 42,8185
Fayette County,week 43,1247
Forest County,week 1,0
Forest County,week 2,0
Forest County,week 3,0
Forest County,week 4,0
Forest County,week 5,0
Forest County,week 6,0
Forest County,week 7,0
Forest County,week 8,0
Forest County,week 9,0
Forest County,week 10,0
Forest County,week 11,16
Forest County,week 12,35
Forest County,week 13,47
Forest County,week 14,49
Forest County,week 15,49
Forest County,week 16,49
Forest County,week 17,49
Forest County,week 18,49
Forest County,week 19,49
Forest County,week 20,49
Forest County,week 21,49
Forest County,week 22,49
Forest County,week 23,49
Forest County,week 24,49
Forest County,week 25,49
Forest County,week 26,49
Forest County,week 27,51
Forest County,week 28,63
Forest County,week 29,67
Forest County,week 30,82
Forest County,week 31,91
Forest County,week 32,98
Forest County,week 33,98
Forest County,week 34,98
Forest County,week 35,100
Forest County,week 36,105
Forest County,week 37,105
Forest County,week 38,109
Forest County,week 39,123
Forest County,week 40,129
Forest County,week 41,133
Forest County,week 42,142
Forest County,week 43,24
Franklin County,week 1,0
Franklin County,week 2,0
Franklin County,week 3,0
Franklin County,week 4,0
Franklin County,week 5,0
Franklin County,week 6,0
Franklin County,week 7,0
Franklin County,week 8,0
Franklin County,week 9,7
Franklin County,week 10,64
Franklin County,week 11,198
Franklin County,week 12,410
Franklin County,week 13,722
Franklin County,week 14,1316
Franklin County,week 15,2310
Franklin County,week 16,3289
Franklin County,week 17,4185
Franklin County,week 18,4967
Franklin County,week 19,5376
Franklin County,week 20,5540
Franklin County,week 21,5847
Franklin County,week 22,6107
Franklin County,week 23,6363
Franklin County,week 24,6683
Franklin County,week 25,6988
Franklin County,week 26,7378
Franklin County,week 27,8232
Franklin County,week 28,8893
Franklin County,week 29,9392
Franklin County,week 30,9860
Franklin County,week 31,10200
Franklin County,week 32,10531
Franklin County,week 33,10952
Franklin County,week 34,11488
Franklin County,week 35,11952
Franklin County,week 36,12357
Franklin County,week 37,12724
Franklin County,week 38,13211
Franklin County,week 39,13859
Franklin County,week 40,14653
Franklin County,week 41,16078
Franklin County,week 42,18191
Franklin County,week 43,2792
Fulton County,week 1,0
Fulton County,week 2,0
Fulton County,week 3,0
Fulton County,week 4,0
Fulton County,week 5,0
Fulton County,week 6,0
Fulton County,week 7,0
Fulton County,week 8,0
Fulton County,week 9,0
Fulton County,week 10,0
Fulton County,week 11,3
Fulton County,week 12,8
Fulton County,week 13,14
Fulton County,week 14,18
Fulton County,week 15,40
Fulton County,week 16,53
Fulton County,week 17,75
Fulton County,week 18,98
Fulton County,week 19,105
Fulton County,week 20,111
Fulton County,week 21,113
Fulton County,week 22,123
Fulton County,week 23,126
Fulton County,week 24,126
Fulton County,week 25,132
Fulton County,week 26,133
Fulton County,week 27,143
Fulton County,week 28,161
Fulton County,week 29,185
Fulton County,week 30,195
Fulton County,week 31,211
Fulton County,week 32,238
Fulton County,week 33,260
Fulton County,week 34,276
Fulton County,week 35,303
Fulton County,week 36,334
Fulton County,week 37,367
Fulton County,week 38,408
Fulton County,week 39,435
Fulton County,week 40,479
Fulton County,week 41,643
Fulton County,week 42,828
Fulton County,week 43,132
Greene County,week 1,0
Greene County,week 2,0
Greene County,week 3,0
Greene County,week 4,0
Greene County,week 5,0
Greene County,week 6,0
Greene County,week 7,0
Greene County,week 8,0
Greene County,week 9,0
Greene County,week 10,37
Greene County,week 11,82
Greene County,week 12,151
Greene County,week 13,169
Greene County,week 14,176
Greene County,week 15,186
Greene County,week 16,189
Greene County,week 17,189
Greene County,week 18,189
Greene County,week 19,189
Greene County,week 20,190
Greene County,week 21,208
Greene County,week 22,228
Greene County,week 23,259
Greene County,week 24,306
Greene County,week 25,448
Greene County,week 26,573
Greene County,week 27,672
Greene County,week 28,749
Greene County,week 29,795
Greene County,week 30,869
Greene County,week 31,929
Greene County,week 32,963
Greene County,week 33,1025
Greene County,week 34,1098
Greene County,week 35,1185
Greene County,week 36,1293
Greene County,week 37,1345
Greene County,week 38,1402
Greene County,week 39,1476
Greene County,week 40,1559
Greene County,week 41,1832
Greene County,week 42,2286
Greene County,week 43,372
Huntingdon County,week 1,0
Huntingdon County,week 2,0
Huntingdon County,week 3,0
Huntingdon County,week 4,0
Huntingdon County,week 5,0
Huntingdon County,week 6,0
Huntingdon County,week 7,0
Huntingdon County,week 8,0
Huntingdon County,week 9,0
Huntingdon County,week 10,4
Huntingdon County,week 11,23
Huntingdon County,week 12,64
Huntingdon County,week 13,87
Huntingdon County,week 14,149
Huntingdon County,week 15,327
Huntingdon County,week 16,963
Huntingdon County,week 17,1451
Huntingdon County,week 18,1570
Huntingdon County,week 19,1606
Huntingdon County,week 20,1644
Huntingdon County,week 21,1667
Huntingdon County,week 22,1678
Huntingdon County,week 23,1722
Huntingdon County,week 24,1774
Huntingdon County,week 25,1799
Huntingdon County,week 26,1866
Huntingdon County,week 27,1958
Huntingdon County,week 28,2017
Huntingdon County,week 29,2121
Huntingdon County,week 30,2278
Huntingdon County,week 31,2426
Huntingdon County,week 32,2519
Huntingdon County,week 33,2675
Huntingdon County,week 34,2737
Huntingdon County,week 35,2765
Huntingdon County,week 36,2814
Huntingdon County,week 37,3040
Huntingdon County,week 38,3763
Huntingdon County,week 39,4674
Huntingdon County,week 40,5941
Huntingdon County,week 41,7162
Huntingdon County,week 42,8264
Huntingdon County,week 43,1246
Indiana County,week 1,0
Indiana County,week 2,0
Indiana County,week 3,0
Indiana County,week 4,0
Indiana County,week 5,0
Indiana County,week 6,0
Indiana County,week 7,0
Indiana County,week 8,0
Indiana County,week 9,0
Indiana County,week 10,15
Indiana County,week 11,79
Indiana County,week 12,234
Indiana County,week 13,338
Indiana County,week 14,425
Indiana County,week 15,465
Indiana County,week 16,529
Indiana County,week 17,582
Indiana County,week 18,619
Indiana County,week 19,634
Indiana County,week 20,640
Indiana County,week 21,651
Indiana County,week 22,682
Indiana County,week 23,715
Indiana County,week 24,795
Indiana County,week 25,976
Indiana County,week 26,1236
Indiana County,week 27,1445
Indiana County,week 28,1838
Indiana County,week 29,2170
Indiana County,week 30,2461
Indiana County,week 31,2743
Indiana County,week 32,2943
Indiana County,week 33,3201
Indiana County,week 34,3602
Indiana County,week 35,4307
Indiana County,week 36,4897
Indiana County,week 37,5353
Indiana County,week 38,5951
Indiana County,week 39,6537
Indiana County,week 40,7286
Indiana County,week 41,8344
Indiana County,week 42,9892
Indiana County,week 43,1578
Jefferson County,week 1,0
Jefferson County,week 2,0
Jefferson County,week 3,0
Jefferson County,week 4,0
Jefferson County,week 5,0
Jefferson County,week 6,0
Jefferson County,week 7,0
Jefferson County,week 8,0
Jefferson County,week 9,0
Jefferson County,week 10,0
Jefferson County,week 11,1
Jefferson County,week 12,10
Jefferson County,week 13,16
Jefferson County,week 14,27
Jefferson County,week 15,36
Jefferson County,week 16,49
Jefferson County,week 17,49
Jefferson County,week 18,49
Jefferson County,week 19,60
Jefferson County,week 20,107
Jefferson County,week 21,124
Jefferson County,week 22,140
Jefferson County,week 23,148
Jefferson County,week 24,191
Jefferson County,week 25,258
Jefferson County,week 26,311
Jefferson County,week 27,350
Jefferson County,week 28,405
Jefferson County,week 29,469
Jefferson County,week 30,530
Jefferson County,week 31,611
Jefferson County,week 32,676
Jefferson County,week 33,692
Jefferson County,week 34,709
Jefferson County,week 35,752
Jefferson County,week 36,779
Jefferson County,week 37,821
Jefferson County,week 38,917
Jefferson County,week 39,1000
Jefferson County,week 40,1163
Jefferson County,week 41,1500
Jefferson County,week 42,2007
Jefferson County,week 43,339
Juniata County,week 1,0
Juniata County,week 2,0
Juniata County,week 3,0
Juniata County,week 4,0
Juniata County,week 5,0
Juniata County,week 6,0
Juniata County,week 7,0
Juniata County,week 8,0
Juniata County,week 9,1
Juniata County,week 10,9
Juniata County,week 11,48
Juniata County,week 12,229
Juniata County,week 13,446
Juniata County,week 14,542
Juniata County,week 15,591
Juniata County,week 16,644
Juniata County,week 17,658
Juniata County,week 18,661
Juniata County,week 19,665
Juniata County,week 20,678
Juniata County,week 21,743
Juniata County,week 22,756
Juniata County,week 23,772
Juniata County,week 24,790
Juniata County,week 25,806
Juniata County,week 26,824
Juniata County,week 27,858
Juniata County,week 28,882
Juniata County,week 29,918
Juniata County,week 30,962
Juniata County,week 31,995
Juniata County,week 32,1039
Juniata County,week 33,1070
Juniata County,week 34,1144
Juniata County,week 35,1236
Juniata County,week 36,1319
Juniata County,week 37,1374
Juniata County,week 38,1402
Juniata County,week 39,1463
Juniata County,week 40,1568
Juniata County,week 41,1723
Juniata County,week 42,2008
Juniata County,week 43,335
Lackawanna County,week 1,0
Lackawanna County,week 2,0
Lackawanna County,week 3,0
Lackawanna County,week 4,0
Lackawanna County,week 5,0
Lackawanna County,week 6,0
Lackawanna County,week 7,0
Lackawanna County,week 8,0
Lackawanna County,week 9,40
Lackawanna County,week 10,328
Lackawanna County,week 11,1055
Lackawanna County,week 12,2703
Lackawanna County,week 13,4246
Lackawanna County,week 14,5376
Lackawanna County,week 15,6742
Lackawanna County,week 16,7987
Lackawanna County,week 17,9169
Lackawanna County,week 18,10247
Lackawanna County,week 19,10751
Lackawanna County,week 20,11033
Lackawanna County,week 21,11195
Lackawanna County,week 22,11340
Lackawanna County,week 23,11709
Lackawanna County,week 24,12072
Lackawanna County,week 25,12296
Lackawanna County,week 26,12562
Lackawanna County,week 27,12932
Lackawanna County,week 28,13259
Lackawanna County,week 29,13493
Lackawanna County,week 30,13711
Lackawanna County,week 31,13909
Lackawanna County,week 32,14365
Lackawanna County,week 33,15192
Lackawanna County,week 34,15957
Lackawanna County,week 35,16610
Lackawanna County,week 36,17480
Lackawanna County,week 37,18716
Lackawanna County,week 38,20252
Lackawanna County,week 39,22593
Lackawanna County,week 40,24944
Lackawanna County,week 41,26901
Lackawanna County,week 42,28377
Lackawanna County,week 43,4185
Lancaster County,week 1,0
Lancaster County,week 2,0
Lancaster County,week 3,0
Lancaster County,week 4,0
Lancaster County,week 5,0
Lancaster County,week 6,0
Lancaster County,week 7,0
Lancaster County,week 8,0
Lancaster County,week 9,28
Lancaster County,week 10,398
Lancaster County,week 11,2152
Lancaster County,week 12,4968
Lancaster County,week 13,7746
Lancaster County,week 14,10525
Lancaster County,week 15,13137
Lancaster County,week 16,15192
Lancaster County,week 17,17240
Lancaster County,week 18,19550
Lancaster County,week 19,21891
Lancaster County,week 20,23827
Lancaster County,week 21,25964
Lancaster County,week 22,27691
Lancaster County,week 23,30214
Lancaster County,week 24,31884
Lancaster County,week 25,33554
Lancaster County,week 26,35122
Lancaster County,week 27,36854
Lancaster County,week 28,39058
Lancaster County,week 29,41056
Lancaster County,week 30,43155
Lancaster County,week 31,44898
Lancaster County,week 32,46625
Lancaster County,week 33,48963
Lancaster County,week 34,50788
Lancaster County,week 35,52541
Lancaster County,week 36,54698
Lancaster County,week 37,56919
Lancaster County,week 38,59475
Lancaster County,week 39,62123
Lancaster County,week 40,64907
Lancaster County,week 41,68987
Lancaster County,week 42,74798
Lancaster County,week 43,11271
Lawrence County,week 1,0
Lawrence County,week 2,0
Lawrence County,week 3,0
Lawrence County,week 4,0
Lawrence County,week 5,0
Lawrence County,week 6,0
Lawrence County,week 7,0
Lawrence County,week 8,0
Lawrence County,week 9,0
Lawrence County,week 10,45
Lawrence County,week 11,146
Lawrence County,week 12,311
Lawrence County,week 13,406
Lawrence County,week 14,431
Lawrence County,week 15,456
Lawrence County,week 16,486
Lawrence County,week 17,503
Lawrence County,week 18,515
Lawrence County,week 19,544
Lawrence County,week 20,585
Lawrence County,week 21,606
Lawrence County,week 22,631
Lawrence County,week 23,697
Lawrence County,week 24,806
Lawrence County,week 25,1188
Lawrence County,week 26,1566
Lawrence County,week 27,1957
Lawrence County,week 28,2364
Lawrence County,week 29,2696
Lawrence County,week 30,2938
Lawrence County,week 31,3064
Lawrence County,week 32,3180
Lawrence County,week 33,3300
Lawrence County,week 34,3375
Lawrence County,week 35,3475
Lawrence County,week 36,3622
Lawrence County,week 37,3852
Lawrence County,week 38,4264
Lawrence County,week 39,4897
Lawrence County,week 40,5704
Lawrence County,week 41,6627
Lawrence County,week 42,8547
Lawrence County,week 43,1388
Lebanon County,week 1,0
Lebanon County,week 2,0
Lebanon County,week 3,0
Lebanon County,week 4,0
Lebanon County,week 5,0
Lebanon County,week 6,0
Lebanon County,week 7,0
Lebanon County,week 8,0
Lebanon County,week 9,13
Lebanon County,week 10,108
Lebanon County,week 11,597
Lebanon County,week 12,1688
Lebanon County,week 13,3122
Lebanon County,week 14,4114
Lebanon County,week 15,4985
Lebanon County,week 16,5612
Lebanon County,week 17,6072
Lebanon County,week 18,6307
Lebanon County,week 19,6709
Lebanon County,week 20,7232
Lebanon County,week 21,8064
Lebanon County,week 22,8660
Lebanon County,week 23,9175
Lebanon County,week 24,9621
Lebanon County,week 25,10014
Lebanon County,week 26,10437
Lebanon County,week 27,10767
Lebanon County,week 28,10978
Lebanon County,week 29,11212
Lebanon County,week 30,11496
Lebanon County,week 31,11676
Lebanon County,week 32,11986
Lebanon County,week 33,12320
Lebanon County,week 34,12712
Lebanon County,week 35,13469
Lebanon County,week 36,14113
Lebanon County,week 37,14888
Lebanon County,week 38,16157
Lebanon County,week 39,17769
Lebanon County,week 40,19675
Lebanon County,week 41,22206
Lebanon County,week 42,24896
Lebanon County,week 43,3773
Lehigh County,week 1,0
Lehigh County,week 2,0
Lehigh County,week 3,0
Lehigh County,week 4,0
Lehigh County,week 5,0
Lehigh County,week 6,0
Lehigh County,week 7,0
Lehigh County,week 8,3
Lehigh County,week 9,88
Lehigh County,week 10,957
Lehigh County,week 11,5270
Lehigh County,week 12,11201
Lehigh County,week 13,14897
Lehigh County,week 14,17743
Lehigh County,week 15,20147
Lehigh County,week 16,22260
Lehigh County,week 17,24006
Lehigh County,week 18,25371
Lehigh County,week 19,26218
Lehigh County,week 20,26913
Lehigh County,week 21,27550
Lehigh County,week 22,28356
Lehigh County,week 23,29346
Lehigh County,week 24,30095
Lehigh County,week 25,30858
Lehigh County,week 26,31715
Lehigh County,week 27,32624
Lehigh County,week 28,33781
Lehigh County,week 29,34575
Lehigh County,week 30,35392
Lehigh County,week 31,35822
Lehigh County,week 32,36252
Lehigh County,week 33,36895
Lehigh County,week 34,37540
Lehigh County,week 35,38295
Lehigh County,week 36,39175
Lehigh County,week 37,40210
Lehigh County,week 38,41523
Lehigh County,week 39,42708
Lehigh County,week 40,44605
Lehigh County,week 41,47579
Lehigh County,week 42,51972
Lehigh County,week 43,7965
Luzerne County,week 1,0
Luzerne County,week 2,0
Luzerne County,week 3,0
Luzerne County,week 4,0
Luzerne County,week 5,0
Luzerne County,week 6,0
Luzerne County,week 7,0
Luzerne County,week 8,3
Luzerne County,week 9,48
Luzerne County,week 10,639
Luzerne County,week 11,4370
Luzerne County,week 12,9452
Luzerne County,week 13,11866
Luzerne County,week 14,13732
Luzerne County,week 15,15413
Luzerne County,week 16,16632
Luzerne County,week 17,17560
Luzerne County,week 18,18375
Luzerne County,week 19,19024
Luzerne County,week 20,19496
Luzerne County,week 21,19775
Luzerne County,week 22,20004
Luzerne County,week 23,20265
Luzerne County,week 24,20609
Luzerne County,week 25,21006
Luzerne County,week 26,21409
Luzerne County,week 27,21904
Luzerne County,week 28,23006
Luzerne County,week 29,24010
Luzerne County,week 30,25114
Luzerne County,week 31,25740
Luzerne County,week 32,26308
Luzerne County,week 33,26991
Luzerne County,week 34,27548
Luzerne County,week 35,28073
Luzerne County,week 36,28611
Luzerne County,week 37,29220
Luzerne County,week 38,30451
Luzerne County,week 39,32530
Luzerne County,week 40,35432
Luzerne County,week 41,38786
Luzerne County,week 42,42318
Luzerne County,week 43,6450
Lycoming County,week 1,0
Lycoming County,week 2,0
Lycoming County,week 3,0
Lycoming County,week 4,0
Lycoming County,week 5,0
Lycoming County,week 6,0
Lycoming County,week 7,0
Lycoming County,week 8,0
Lycoming County,week 9,0
Lycoming County,week 10,19
Lycoming County,week 11,62
Lycoming County,week 12,150
Lycoming County,week 13,247
Lycoming County,week 14,358
Lycoming County,week 15,538
Lycoming County,week 16,820
Lycoming County,week 17,1010
Lycoming County,week 18,1096
Lycoming County,week 19,1141
Lycoming County,week 20,1167
Lycoming County,week 21,1189
Lycoming County,week 22,1207
Lycoming County,week 23,1241
Lycoming County,week 24,1429
Lycoming County,week 25,1683
Lycoming County,week 26,1856
Lycoming County,week 27,2037
Lycoming County,week 28,2295
Lycoming County,week 29,2653
Lycoming County,week 30,3045
Lycoming County,week 31,3306
Lycoming County,week 32,3578
Lycoming County,week 33,3852
Lycoming County,week 34,4076
Lycoming County,week 35,4343
Lycoming County,week 36,4704
Lycoming County,week 37,5123
Lycoming County,week 38,5691
Lycoming County,week 39,6107
Lycoming County,week 40,6506
Lycoming County,week 41,6970
Lycoming County,week 42,7561
Lycoming County,week 43,1173
McKean County,week 1,0
McKean County,week 2,0
McKean County,week 3,0
McKean County,week 4,0
McKean County,week 5,0
McKean County,week 6,0
McKean County,week 7,0
McKean County,week 8,0
McKean County,week 9,0
McKean County,week 10,3
McKean County,week 11,7
McKean County,week 12,14
McKean County,week 13,29
McKean County,week 14,35
McKean County,week 15,42
McKean County,week 16,44
McKean County,week 17,69
McKean County,week 18,79
McKean County,week 19,84
McKean County,week 20,90
McKean County,week 21,91
McKean County,week 22,96
McKean County,week 23,107
McKean County,week 24,136
McKean County,week 25,140
McKean County,week 26,162
McKean County,week 27,182
McKean County,week 28,202
McKean County,week 29,237
McKean County,week 30,238
McKean County,week 31,243
McKean County,week 32,259
McKean County,week 33,286
McKean County,week 34,325
McKean County,week 35,376
McKean County,week 36,400
McKean County,week 37,426
McKean County,week 38,502
McKean County,week 39,643
McKean County,week 40,817
McKean County,week 41,1098
McKean County,week 42,1352
McKean County,week 43,227
Mercer County,week 1,0
Mercer County,week 2,0
Mercer County,week 3,0
Mercer County,week 4,0
Mercer County,week 5,0
Mercer County,week 6,0
Mercer County,week 7,0
Mercer County,week 8,0
Mercer County,week 9,4
Mercer County,week 10,37
Mercer County,week 11,103
Mercer County,week 12,258
Mercer County,week 13,387
Mercer County,week 14,442
Mercer County,week 15,460
Mercer County,week 16,507
Mercer County,week 17,614
Mercer County,week 18,712
Mercer County,week 19,747
Mercer County,week 20,773
Mercer County,week 21,802
Mercer County,week 22,828
Mercer County,week 23,919
Mercer County,week 24,1046
Mercer County,week 25,1178
Mercer County,week 26,1585
Mercer County,week 27,2039
Mercer County,week 28,2366
Mercer County,week 29,2913
Mercer County,week 30,3386
Mercer County,week 31,3637
Mercer County,week 32,3800
Mercer County,week 33,4048
Mercer County,week 34,4435
Mercer County,week 35,4794
Mercer County,week 36,5064
Mercer County,week 37,5338
Mercer County,week 38,5704
Mercer County,week 39,6153
Mercer County,week 40,6872
Mercer County,week 41,7868
Mercer County,week 42,9440
Mercer County,week 43,1560
Mifflin County,week 1,0
Mifflin County,week 2,0
Mifflin County,week 3,0
Mifflin County,week 4,0
Mifflin County,week 5,0
Mifflin County,week 6,0
Mifflin County,week 7,0
Mifflin County,week 8,0
Mifflin County,week 9,0
Mifflin County,week 10,3
Mifflin County,week 11,24
Mifflin County,week 12,84
Mifflin County,week 13,127
Mifflin County,week 14,189
Mifflin County,week 15,268
Mifflin County,week 16,349
Mifflin County,week 17,392
Mifflin County,week 18,402
Mifflin County,week 19,410
Mifflin County,week 20,413
Mifflin County,week 21,414
Mifflin County,week 22,426
Mifflin County,week 23,434
Mifflin County,week 24,448
Mifflin County,week 25,500
Mifflin County,week 26,555
Mifflin County,week 27,617
Mifflin County,week 28,722
Mifflin County,week 29,824
Mifflin County,week 30,870
Mifflin County,week 31,955
Mifflin County,week 32,1094
Mifflin County,week 33,1191
Mifflin County,week 34,1309
Mifflin County,week 35,1460
Mifflin County,week 36,1560
Mifflin County,week 37,1651
Mifflin County,week 38,1872
Mifflin County,week 39,2158
Mifflin County,week 40,2510
Mifflin County,week 41,3088
Mifflin County,week 42,4111
Mifflin County,week 43,691
Monroe County,week 1,0
Monroe County,week 2,0
Monroe County,week 3,0
Monroe County,week 4,0
Monroe County,week 5,0
Monroe County,week 6,0
Monroe County,week 7,2
Monroe County,week 8,29
Monroe County,week 9,185
Monroe County,week 10,875
Monroe County,week 11,3190
Monroe County,week 12,5371
Monroe County,week 13,6570
Monroe County,week 14,7375
Monroe County,week 15,8081
Monroe County,week 16,8458
Monroe County,week 17,8738
Monroe County,week 18,9080
Monroe County,week 19,9218
Monroe County,week 20,9353
Monroe County,week 21,9437
Monroe County,week 22,9589
Monroe County,week 23,9799
Monroe County,week 24,10034
Monroe County,week 25,10257
Monroe County,week 26,10483
Monroe County,week 27,10832
Monroe County,week 28,11107
Monroe County,week 29,11379
Monroe County,week 30,11631
Monroe County,week 31,11808
Monroe County,week 32,11969
Monroe County,week 33,12134
Monroe County,week 34,12281
Monroe County,week 35,12407
Monroe County,week 36,12532
Monroe County,week 37,12731
Monroe County,week 38,13029
Monroe County,week 39,13411
Monroe County,week 40,13862
Monroe County,week 41,14464
Monroe County,week 42,15656
Monroe County,week 43,2367
Montgomery County,week 1,0
Montgomery County,week 2,0
Montgomery County,week 3,0
Montgomery County,week 4,0
Montgomery County,week 5,0
Montgomery County,week 6,0
Montgomery County,week 7,20
Montgomery County,week 8,150
Montgomery County,week 9,579
Montgomery County,week 10,2837
Montgomery County,week 11,6941
Montgomery County,week 12,13959
Montgomery County,week 13,19591
Montgomery County,week 14,25434
Montgomery County,week 15,31261
Montgomery County,week 16,35889
Montgomery County,week 17,40537
Montgomery County,week 18,44951
Montgomery County,week 19,48787
Montgomery County,week 20,52415
Montgomery County,week 21,54940
Montgomery County,week 22,56511
Montgomery County,week 23,58322
Montgomery County,week 24,60074
Montgomery County,week 25,61724
Montgomery County,week 26,63674
Montgomery County,week 27,66090
Montgomery County,week 28,68583
Montgomery County,week 29,70484
Montgomery County,week 30,72468
Montgomery County,week 31,74617
Montgomery County,week 32,76672
Montgomery County,week 33,79024
Montgomery County,week 34,81045
Montgomery County,week 35,83176
Montgomery County,week 36,84962
Montgomery County,week 37,86963
Montgomery County,week 38,89261
Montgomery County,week 39,91653
Montgomery County,week 40,94647
Montgomery County,week 41,99899
Montgomery County,week 42,107080
Montgomery County,week 43,16115
Montour County,week 1,0
Montour County,week 2,0
Montour County,week 3,0
Montour County,week 4,0
Montour County,week 5,0
Montour County,week 6,0
Montour County,week 7,0
Montour County,week 8,0
Montour County,week 9,5
Montour County,week 10,38
Montour County,week 11,144
Montour County,week 12,221
Montour County,week 13,326
Montour County,week 14,329
Montour County,week 15,338
Montour County,week 16,343
Montour County,week 17,350
Montour County,week 18,350
Montour County,week 19,358
Montour County,week 20,371
Montour County,week 21,422
Montour County,week 22,475
Montour County,week 23,494
Montour County,week 24,527
Montour County,week 25,544
Montour County,week 26,587
Montour County,week 27,622
Montour County,week 28,651
Montour County,week 29,704
Montour County,week 30,767
Montour County,week 31,850
Montour County,week 32,907
Montour County,week 33,1001
Montour County,week 34,1108
Montour County,week 35,1140
Montour County,week 36,1186
Montour County,week 37,1408
Montour County,week 38,1654
Montour County,week 39,1863
Montour County,week 40,2029
Montour County,week 41,2148
Montour County,week 42,2310
Montour County,week 43,352
Northampton County,week 1,0
Northampton County,week 2,0
Northampton County,week 3,0
Northampton County,week 4,0
Northampton County,week 5,0
Northampton County,week 6,0
Northampton County,week 7,0
Northampton County,week 8,6
Northampton County,week 9,110
Northampton County,week 10,828
Northampton County,week 11,3870
Northampton County,week 12,7227
Northampton County,week 13,9732
Northampton County,week 14,12360
Northampton County,week 15,15076
Northampton County,week 16,16904
Northampton County,week 17,18531
Northampton County,week 18,20065
Northampton County,week 19,21359
Northampton County,week 20,22018
Northampton County,week 21,22580
Northampton County,week 22,23061
Northampton County,week 23,23637
Northampton County,week 24,24218
Northampton County,week 25,24753
Northampton County,week 26,25377
Northampton County,week 27,26069
Northampton County,week 28,26893
Northampton County,week 29,27427
Northampton County,week 30,27963
Northampton County,week 31,28350
Northampton County,week 32,28708
Northampton County,week 33,29064
Northampton County,week 34,29575
Northampton County,week 35,30530
Northampton County,week 36,31300
Northampton County,week 37,32004
Northampton County,week 38,33554
Northampton County,week 39,35026
Northampton County,week 40,36593
Northampton County,week 41,38855
Northampton County,week 42,41885
Northampton County,week 43,6324
Northumberland County,week 1,0
Northumberland County,week 2,0
Northumberland County,week 3,0
Northumberland County,week 4,0
Northumberland County,week 5,0
Northumberland County,week 6,0
Northumberland County,week 7,0
Northumberland County,week 8,0
Northumberland County,week 9,0
Northumberland County,week 10,5
Northumberland County,week 11,82
Northumberland County,week 12,231
Northumberland County,week 13,460
Northumberland County,week 14,602
Northumberland County,week 15,684
Northumberland County,week 16,835
Northumberland County,week 17,964
Northumberland County,week 18,1140
Northumberland County,week 19,1328
Northumberland County,week 20,1443
Northumberland County,week 21,1548
Northumberland County,week 22,1826
Northumberland County,week 23,2052
Northumberland County,week 24,2255
Northumberland County,week 25,2401
Northumberland County,week 26,2520
Northumberland County,week 27,2641
Northumberland County,week 28,2826
Northumberland County,week 29,3205
Northumberland County,week 30,3824
Northumberland County,week 31,4298
Northumberland County,week 32,4665
Northumberland County,week 33,5232
Northumberland County,week 34,5549
Northumberland County,week 35,6017
Northumberland County,week 36,6901
Northumberland County,week 37,7773
Northumberland County,week 38,8784
Northumberland County,week 39,9275
Northumberland County,week 40,10166
Northumberland County,week 41,11067
Northumberland County,week 42,12044
Northumberland County,week 43,1819
Perry County,week 1,0
Perry County,week 2,0
Perry County,week 3,0
Perry County,week 4,0
Perry County,week 5,0
Perry County,week 6,0
Perry County,week 7,0
Perry County,week 8,0
Perry County,week 9,0
Perry County,week 10,4
Perry County,week 11,32
Perry County,week 12,110
Perry County,week 13,132
Perry County,week 14,176
Perry County,week 15,227
Perry County,week 16,241
Perry County,week 17,269
Perry County,week 18,315
Perry County,week 19,402
Perry County,week 20,464
Perry County,week 21,495
Perry County,week 22,565
Perry County,week 23,600
Perry County,week 24,604
Perry County,week 25,640
Perry County,week 26,673
Perry County,week 27,734
Perry County,week 28,813
Perry County,week 29,856
Perry County,week 30,955
Perry County,week 31,1100
Perry County,week 32,1212
Perry County,week 33,1254
Perry County,week 34,1302
Perry County,week 35,1417
Perry County,week 36,1534
Perry County,week 37,1690
Perry County,week 38,1861
Perry County,week 39,2163
Perry County,week 40,2439
Perry County,week 41,2621
Perry County,week 42,2896
Perry County,week 43,444
Philadelphia County,week 1,0
Philadelphia County,week 2,0
Philadelphia County,week 3,0
Philadelphia County,week 4,0
Philadelphia County,week 5,0
Philadelphia County,week 6,0
Philadelphia County,week 7,2
Philadelphia County,week 8,33
Philadelphia County,week 9,557
Philadelphia County,week 10,4967
Philadelphia County,week 11,18982
Philadelphia County,week 12,41311
Philadelphia County,week 13,58864
Philadelphia County,week 14,75303
Philadelphia County,week 15,89732
Philadelphia County,week 16,101878
Philadelphia County,week 17,111834
Philadelphia County,week 18,120226
Philadelphia County,week 19,127960
Philadelphia County,week 20,133656
Philadelphia County,week 21,138691
Philadelphia County,week 22,143566
Philadelphia County,week 23,149078
Philadelphia County,week 24,153819
Philadelphia County,week 25,159473
Philadelphia County,week 26,165729
Philadelphia County,week 27,173304
Philadelphia County,week 28,180427
Philadelphia County,week 29,185773
Philadelphia County,week 30,191884
Philadelphia County,week 31,197245
Philadelphia County,week 32,202063
Philadelphia County,week 33,207964
Philadelphia County,week 34,211891
Philadelphia County,week 35,216190
Philadelphia County,week 36,220464
Philadelphia County,week 37,228771
Philadelphia County,week 38,237572
Philadelphia County,week 39,247750
Philadelphia County,week 40,260382
Philadelphia County,week 41,277785
Philadelphia County,week 42,300924
Philadelphia County,week 43,45578
Pike County,week 1,0
Pike County,week 2,0
Pike County,week 3,0
Pike County,week 4,0
Pike County,week 5,0
Pike County,week 6,0
Pike County,week 7,0
Pike County,week 8,6
Pike County,week 9,18
Pike County,week 10,194
Pike County,week 11,680
Pike County,week 12,1398
Pike County,week 13,2048
Pike County,week 14,2392
Pike County,week 15,2749
Pike County,week 16,2989
Pike County,week 17,3213
Pike County,week 18,3322
Pike County,week 19,3335
Pike County,week 20,3361
Pike County,week 21,3377
Pike County,week 22,3414
Pike County,week 23,3442
Pike County,week 24,3506
Pike County,week 25,3532
Pike County,week 26,3579
Pike County,week 27,3644
Pike County,week 28,3673
Pike County,week 29,3682
Pike County,week 30,3691
Pike County,week 31,3728
Pike County,week 32,3781
Pike County,week 33,3813
Pike County,week 34,3870
Pike County,week 35,3951
Pike County,week 36,4020
Pike County,week 37,4125
Pike County,week 38,4213
Pike County,week 39,4271
Pike County,week 40,4311
Pike County,week 41,4420
Pike County,week 42,4676
Pike County,week 43,697
Potter County,week 1,0
Potter County,week 2,0
Potter County,week 3,0
Potter County,week 4,0
Potter County,week 5,0
Potter County,week 6,0
Potter County,week 7,0
Potter County,week 8,0
Potter County,week 9,5
Potter County,week 10,11
Potter County,week 11,18
Potter County,week 12,25
Potter County,week 13,28
Potter County,week 14,28
Potter County,week 15,28
Potter County,week 16,28
Potter County,week 17,28
Potter County,week 18,28
Potter County,week 19,28
Potter County,week 20,62
Potter County,week 21,89
Potter County,week 22,91
Potter County,week 23,103
Potter County,week 24,117
Potter County,week 25,123
Potter County,week 26,133
Potter County,week 27,140
Potter County,week 28,140
Potter County,week 29,140
Potter County,week 30,145
Potter County,week 31,160
Potter County,week 32,171
Potter County,week 33,175
Potter County,week 34,175
Potter County,week 35,177
Potter County,week 36,196
Potter County,week 37,210
Potter County,week 38,250
Potter County,week 39,275
Potter County,week 40,324
Potter County,week 41,417
Potter County,week 42,513
Potter County,week 43,84
Schuylkill County,week 1,0
Schuylkill County,week 2,0
Schuylkill County,week 3,0
Schuylkill County,week 4,0
Schuylkill County,week 5,0
Schuylkill County,week 6,0
Schuylkill County,week 7,0
Schuylkill County,week 8,0
Schuylkill County,week 9,9
Schuylkill County,week 10,133
Schuylkill County,week 11,553
Schuylkill County,week 12,1208
Schuylkill County,week 13,1751
Schuylkill County,week 14,2159
Schuylkill County,week 15,2668
Schuylkill County,week 16,3071
Schuylkill County,week 17,3574
Schuylkill County,week 18,4002
Schuylkill County,week 19,4351
Schuylkill County,week 20,4578
Schuylkill County,week 21,4762
Schuylkill County,week 22,4964
Schuylkill County,week 23,5148
Schuylkill County,week 24,5272
Schuylkill County,week 25,5399
Schuylkill County,week 26,5650
Schuylkill County,week 27,5893
Schuylkill County,week 28,6195
Schuylkill County,week 29,6386
Schuylkill County,week 30,6587
Schuylkill County,week 31,6769
Schuylkill County,week 32,6888
Schuylkill County,week 33,7037
Schuylkill County,week 34,7213
Schuylkill County,week 35,7403
Schuylkill County,week 36,7871
Schuylkill County,week 37,8672
Schuylkill County,week 38,9599
Schuylkill County,week 39,10910
Schuylkill County,week 40,12812
Schuylkill County,week 41,15034
Schuylkill County,week 42,16977
Schuylkill County,week 43,2643
Snyder County,week 1,0
Snyder County,week 2,0
Snyder County,week 3,0
Snyder County,week 4,0
Snyder County,week 5,0
Snyder County,week 6,0
Snyder County,week 7,0
Snyder County,week 8,0
Snyder County,week 9,0
Snyder County,week 10,7
Snyder County,week 11,41
Snyder County,week 12,113
Snyder County,week 13,185
Snyder County,week 14,224
Snyder County,week 15,231
Snyder County,week 16,231
Snyder County,week 17,231
Snyder County,week 18,253
Snyder County,week 19,294
Snyder County,week 20,370
Snyder County,week 21,415
Snyder County,week 22,426
Snyder County,week 23,442
Snyder County,week 24,472
Snyder County,week 25,505
Snyder County,week 26,544
Snyder County,week 27,607
Snyder County,week 28,666
Snyder County,week 29,723
Snyder County,week 30,833
Snyder County,week 31,957
Snyder County,week 32,1101
Snyder County,week 33,1240
Snyder County,week 34,1420
Snyder County,week 35,1785
Snyder County,week 36,2125
Snyder County,week 37,2615
Snyder County,week 38,2938
Snyder County,week 39,3086
Snyder County,week 40,3279
Snyder County,week 41,3525
Snyder County,week 42,3917
Snyder County,week 43,617
Somerset County,week 1,0
Somerset County,week 2,0
Somerset County,week 3,0
Somerset County,week 4,0
Somerset County,week 5,0
Somerset County,week 6,0
Somerset County,week 7,0
Somerset County,week 8,0
Somerset County,week 9,1
Somerset County,week 10,14
Somerset County,week 11,29
Somerset County,week 12,72
Somerset County,week 13,116
Somerset County,week 14,162
Somerset County,week 15,196
Somerset County,week 16,224
Somerset County,week 17,233
Somerset County,week 18,259
Somerset County,week 19,263
Somerset County,week 20,270
Somerset County,week 21,279
Somerset County,week 22,319
Somerset County,week 23,396
Somerset County,week 24,440
Somerset County,week 25,531
Somerset County,week 26,642
Somerset County,week 27,748
Somerset County,week 28,851
Somerset County,week 29,921
Somerset County,week 30,986
Somerset County,week 31,1064
Somerset County,week 32,1143
Somerset County,week 33,1253
Somerset County,week 34,1348
Somerset County,week 35,1413
Somerset County,week 36,1505
Somerset County,week 37,1622
Somerset County,week 38,1856
Somerset County,week 39,2159
Somerset County,week 40,2606
Somerset County,week 41,3224
Somerset County,week 42,3977
Somerset County,week 43,755
Sullivan County,week 1,0
Sullivan County,week 2,0
Sullivan County,week 3,0
Sullivan County,week 4,0
Sullivan County,week 5,0
Sullivan County,week 6,0
Sullivan County,week 7,0
Sullivan County,week 8,0
Sullivan County,week 9,0
Sullivan County,week 10,0
Sullivan County,week 11,4
Sullivan County,week 12,7
Sullivan County,week 13,7
Sullivan County,week 14,7
Sullivan County,week 15,7
Sullivan County,week 16,7
Sullivan County,week 17,12
Sullivan County,week 18,14
Sullivan County,week 19,19
Sullivan County,week 20,21
Sullivan County,week 21,21
Sullivan County,week 22,21
Sullivan County,week 23,28
Sullivan County,week 24,57
Sullivan County,week 25,70
Sullivan County,week 26,70
Sullivan County,week 27,70
Sullivan County,week 28,70
Sullivan County,week 29,70
Sullivan County,week 30,70
Sullivan County,week 31,70
Sullivan County,week 32,70
Sullivan County,week 33,70
Sullivan County,week 34,70
Sullivan County,week 35,76
Sullivan County,week 36,84
Sullivan County,week 37,97
Sullivan County,week 38,105
Sullivan County,week 39,107
Sullivan County,week 40,124
Sullivan County,week 41,142
Sullivan County,week 42,155
Sullivan County,week 43,24
Susquehanna County,week 1,0
Susquehanna County,week 2,0
Susquehanna County,week 3,0
Susquehanna County,week 4,0
Susquehanna County,week 5,0
Susquehanna County,week 6,0
Susquehanna County,week 7,0
Susquehanna County,week 8,0
Susquehanna County,week 9,0
Susquehanna County,week 10,6
Susquehanna County,week 11,37
Susquehanna County,week 12,163
Susquehanna County,week 13,406
Susquehanna County,week 14,537
Susquehanna County,week 15,567
Susquehanna County,week 16,567
Susquehanna County,week 17,581
Susquehanna County,week 18,654
Susquehanna County,week 19,744
Susquehanna County,week 20,947
Susquehanna County,week 21,1167
Susquehanna County,week 22,1235
Susquehanna County,week 23,1261
Susquehanna County,week 24,1296
Susquehanna County,week 25,1350
Susquehanna County,week 26,1371
Susquehanna County,week 27,1426
Susquehanna County,week 28,1464
Susquehanna County,week 29,1494
Susquehanna County,week 30,1542
Susquehanna County,week 31,1691
Susquehanna County,week 32,1831
Susquehanna County,week 33,1943
Susquehanna County,week 34,1999
Susquehanna County,week 35,2046
Susquehanna County,week 36,2052
Susquehanna County,week 37,2119
Susquehanna County,week 38,2331
Susquehanna County,week 39,2562
Susquehanna County,week 40,2746
Susquehanna County,week 41,2927
Susquehanna County,week 42,3174
Susquehanna County,week 43,473
Tioga County,week 1,0
Tioga County,week 2,0
Tioga County,week 3,0
Tioga County,week 4,0
Tioga County,week 5,0
Tioga County,week 6,0
Tioga County,week 7,0
Tioga County,week 8,0
Tioga County,week 9,0
Tioga County,week 10,5
Tioga County,week 11,31
Tioga County,week 12,82
Tioga County,week 13,96
Tioga County,week 14,98
Tioga County,week 15,110
Tioga County,week 16,112
Tioga County,week 17,112
Tioga County,week 18,112
Tioga County,week 19,119
Tioga County,week 20,133
Tioga County,week 21,139
Tioga County,week 22,148
Tioga County,week 23,167
Tioga County,week 24,183
Tioga County,week 25,198
Tioga County,week 26,224
Tioga County,week 27,236
Tioga County,week 28,244
Tioga County,week 29,262
Tioga County,week 30,285
Tioga County,week 31,315
Tioga County,week 32,331
Tioga County,week 33,339
Tioga County,week 34,356
Tioga County,week 35,413
Tioga County,week 36,479
Tioga County,week 37,616
Tioga County,week 38,766
Tioga County,week 39,973
Tioga County,week 40,1281
Tioga County,week 41,1682
Tioga County,week 42,2308
Tioga County,week 43,406
Union County,week 1,0
Union County,week 2,0
Union County,week 3,0
Union County,week 4,0
Union County,week 5,0
Union County,week 6,0
Union County,week 7,0
Union County,week 8,0
Union County,week 9,0
Union County,week 10,4
Union County,week 11,31
Union County,week 12,108
Union County,week 13,185
Union County,week 14,217
Union County,week 15,258
Union County,week 16,281
Union County,week 17,322
Union County,week 18,371
Union County,week 19,407
Union County,week 20,489
Union County,week 21,565
Union County,week 22,601
Union County,week 23,630
Union County,week 24,659
Union County,week 25,694
Union County,week 26,773
Union County,week 27,838
Union County,week 28,1094
Union County,week 29,1566
Union County,week 30,2043
Union County,week 31,2444
Union County,week 32,2586
Union County,week 33,2818
Union County,week 34,2970
Union County,week 35,3146
Union County,week 36,3259
Union County,week 37,3626
Union County,week 38,4160
Union County,week 39,4456
Union County,week 40,4744
Union County,week 41,5087
Union County,week 42,5596
Union County,week 43,868
Venango County,week 1,0
Venango County,week 2,0
Venango County,week 3,0
Venango County,week 4,0
Venango County,week 5,0
Venango County,week 6,0
Venango County,week 7,0
Venango County,week 8,0
Venango County,week 9,0
Venango County,week 10,5
Venango County,week 11,25
Venango County,week 12,39
Venango County,week 13,42
Venango County,week 14,48
Venango County,week 15,49
Venango County,week 16,49
Venango County,week 17,52
Venango County,week 18,56
Venango County,week 19,60
Venango County,week 20,95
Venango County,week 21,117
Venango County,week 22,119
Venango County,week 23,123
Venango County,week 24,170
Venango County,week 25,257
Venango County,week 26,355
Venango County,week 27,381
Venango County,week 28,430
Venango County,week 29,443
Venango County,week 30,470
Venango County,week 31,482
Venango County,week 32,490
Venango County,week 33,506
Venango County,week 34,524
Venango County,week 35,564
Venango County,week 36,590
Venango County,week 37,667
Venango County,week 38,817
Venango County,week 39,1129
Venango County,week 40,1461
Venango County,week 41,2012
Venango County,week 42,2827
Venango County,week 43,458
Warren County,week 1,0
Warren County,week 2,0
Warren County,week 3,0
Warren County,week 4,0
Warren County,week 5,0
Warren County,week 6,0
Warren County,week 7,0
Warren County,week 8,0
Warren County,week 9,0
Warren County,week 10,7
Warren County,week 11,7
Warren County,week 12,7
Warren County,week 13,7
Warren County,week 14,7
Warren County,week 15,7
Warren County,week 16,7
Warren County,week 17,14
Warren County,week 18,20
Warren County,week 19,21
Warren County,week 20,34
Warren County,week 21,35
Warren County,week 22,35
Warren County,week 23,36
Warren County,week 24,49
Warren County,week 25,62
Warren County,week 26,85
Warren County,week 27,98
Warren County,week 28,118
Warren County,week 29,150
Warren County,week 30,158
Warren County,week 31,174
Warren County,week 32,188
Warren County,week 33,248
Warren County,week 34,283
Warren County,week 35,294
Warren County,week 36,299
Warren County,week 37,312
Warren County,week 38,363
Warren County,week 39,411
Warren County,week 40,435
Warren County,week 41,497
Warren County,week 42,586
Warren County,week 43,93
Washington County,week 1,0
Washington County,week 2,0
Washington County,week 3,0
Washington County,week 4,0
Washington County,week 5,0
Washington County,week 6,0
Washington County,week 7,0
Washington County,week 8,6
Washington County,week 9,36
Washington County,week 10,142
Washington County,week 11,319
Washington County,week 12,461
Washington County,week 13,549
Washington County,week 14,691
Washington County,week 15,821
Washington County,week 16,859
Washington County,week 17,905
Washington County,week 18,943
Washington County,week 19,974
Washington County,week 20,1013
Washington County,week 21,1077
Washington County,week 22,1150
Washington County,week 23,1390
Washington County,week 24,1964
Washington County,week 25,2928
Washington County,week 26,3818
Washington County,week 27,4556
Washington County,week 28,5213
Washington County,week 29,5800
Washington County,week 30,6278
Washington County,week 31,6733
Washington County,week 32,7212
Washington County,week 33,7865
Washington County,week 34,8318
Washington County,week 35,8887
Washington County,week 36,9317
Washington County,week 37,9917
Washington County,week 38,10568
Washington County,week 39,11385
Washington County,week 40,12823
Washington County,week 41,14818
Washington County,week 42,17161
Washington County,week 43,2693
Wayne County,week 1,0
Wayne County,week 2,0
Wayne County,week 3,0
Wayne County,week 4,0
Wayne County,week 5,0
Wayne County,week 6,0
Wayne County,week 7,5
Wayne County,week 8,7
Wayne County,week 9,13
Wayne County,week 10,49
Wayne County,week 11,190
Wayne County,week 12,406
Wayne County,week 13,572
Wayne County,week 14,631
Wayne County,week 15,722
Wayne County,week 16,749
Wayne County,week 17,755
Wayne County,week 18,807
Wayne County,week 19,833
Wayne County,week 20,856
Wayne County,week 21,877
Wayne County,week 22,904
Wayne County,week 23,956
Wayne County,week 24,985
Wayne County,week 25,987
Wayne County,week 26,1027
Wayne County,week 27,1063
Wayne County,week 28,1098
Wayne County,week 29,1116
Wayne County,week 30,1141
Wayne County,week 31,1187
Wayne County,week 32,1228
Wayne County,week 33,1317
Wayne County,week 34,1396
Wayne County,week 35,1491
Wayne County,week 36,1598
Wayne County,week 37,1758
Wayne County,week 38,1843
Wayne County,week 39,1937
Wayne County,week 40,1978
Wayne County,week 41,2043
Wayne County,week 42,2188
Wayne County,week 43,331
Westmoreland County,week 1,0
Westmoreland County,week 2,0
Westmoreland County,week 3,0
Westmoreland County,week 4,0
Westmoreland County,week 5,0
Westmoreland County,week 6,0
Westmoreland County,week 7,0
Westmoreland County,week 8,0
Westmoreland County,week 9,31
Westmoreland County,week 10,274
Westmoreland County,week 11,882
Westmoreland County,week 12,1475
Westmoreland County,week 13,1867
Westmoreland County,week 14,2418
Westmoreland County,week 15,2775
Westmoreland County,week 16,2902
Westmoreland County,week 17,2976
Westmoreland County,week 18,3062
Westmoreland County,week 19,3125
Westmoreland County,week 20,3208
Westmoreland County,week 21,3392
Westmoreland County,week 22,3657
Westmoreland County,week 23,4241
Westmoreland County,week 24,5396
Westmoreland County,week 25,6777
Westmoreland County,week 26,7915
Westmoreland County,week 27,8913
Westmoreland County,week 28,9923
Westmoreland County,week 29,10627
Westmoreland County,week 30,11248
Westmoreland County,week 31,11967
Westmoreland County,week 32,12575
Westmoreland County,week 33,13109
Westmoreland County,week 34,13686
Westmoreland County,week 35,14350
Westmoreland County,week 36,15403
Westmoreland County,week 37,16659
Westmoreland County,week 38,19300
Westmoreland County,week 39,23625
Westmoreland County,week 40,27708
Westmoreland County,week 41,31278
Westmoreland County,week 42,34997
Westmoreland County,week 43,5431
Wyoming County,week 1,0
Wyoming County,week 2,0
Wyoming County,week 3,0
Wyoming County,week 4,0
Wyoming County,week 5,0
Wyoming County,week 6,0
Wyoming County,week 7,0
Wyoming County,week 8,0
Wyoming County,week 9,0
Wyoming County,week 10,0
Wyoming County,week 11,23
Wyoming County,week 12,56
Wyoming County,week 13,110
Wyoming County,week 14,121
Wyoming County,week 15,164
Wyoming County,week 16,194
Wyoming County,week 17,202
Wyoming County,week 18,227
Wyoming County,week 19,237
Wyoming County,week 20,241
Wyoming County,week 21,252
Wyoming County,week 22,255
Wyoming County,week 23,260
Wyoming County,week 24,273
Wyoming County,week 25,307
Wyoming County,week 26,352
Wyoming County,week 27,390
Wyoming County,week 28,400
Wyoming County,week 29,416
Wyoming County,week 30,438
Wyoming County,week 31,452
Wyoming County,week 32,462
Wyoming County,week 33,485
Wyoming County,week 34,500
Wyoming County,week 35,504
Wyoming County,week 36,526
Wyoming County,week 37,554
Wyoming County,week 38,581
Wyoming County,week 39,680
Wyoming County,week 40,782
Wyoming County,week 41,1112
Wyoming County,week 42,1542
Wyoming County,week 43,255
York County,week 1,0
York County,week 2,0
York County,week 3,0
York County,week 4,0
York County,week 5,0
York County,week 6,0
York County,week 7,0
York County,week 8,0
York County,week 9,57
York County,week 10,270
York County,week 11,1024
York County,week 12,2068
York County,week 13,3171
York County,week 14,4031
York County,week 15,4677
York County,week 16,5332
York County,week 17,5857
York County,week 18,6351
York County,week 19,6965
York County,week 20,7426
York County,week 21,8031
York County,week 22,8916
York County,week 23,10137
York County,week 24,11134
York County,week 25,12607
York County,week 26,13831
York County,week 27,14975
York County,week 28,16061
York County,week 29,17630
York County,week 30,19806
York County,week 31,21514
York County,week 32,23129
York County,week 33,25926
York County,week 34,28535
York County,week 35,31102
York County,week 36,33362
York County,week 37,35331
York County,week 38,37772
York County,week 39,40474
York County,week 40,43381
York County,week 41,46796
York County,week 42,50429
York County,week 43,7608
