,,deaths
Adams County,week 1,0
Adams County,week 2,0
Adams County,week 3,0
Adams County,week 4,0
Adams County,week 5,0
Adams County,week 6,0
Adams County,week 7,0
Adams County,week 8,0
Adams County,week 9,0
Adams County,week 10,2
Adams County,week 11,67
Adams County,week 12,157
Adams County,week 13,239
Adams County,week 14,389
Adams County,week 15,469
Adams County,week 16,560
Adams County,week 17,686
Adams County,week 18,779
Adams County,week 19,844
Adams County,week 20,942
Adams County,week 21,1007
Adams County,week 22,1059
Adams County,week 23,1080
Adams County,week 24,1092
Adams County,week 25,1102
Adams County,week 26,1127
Adams County,week 27,1166
Adams County,week 28,1193
Adams County,week 29,1231
Adams County,week 30,1272
Adams County,week 31,1339
Adams County,week 32,1377
Adams County,week 33,1436
Adams County,week 34,1475
Adams County,week 35,213
Alamosa County,week 1,0
Alamosa County,week 2,0
Alamosa County,week 3,0
Alamosa County,week 4,0
Alamosa County,week 5,0
Alamosa County,week 6,0
Alamosa County,week 7,0
Alamosa County,week 8,0
Alamosa County,week 9,0
Alamosa County,week 10,0
Alamosa County,week 11,0
Alamosa County,week 12,12
Alamosa County,week 13,14
Alamosa County,week 14,14
Alamosa County,week 15,14
Alamosa County,week 16,14
Alamosa County,week 17,14
Alamosa County,week 18,14
Alamosa County,week 19,14
Alamosa County,week 20,14
Alamosa County,week 21,21
Alamosa County,week 22,21
Alamosa County,week 23,21
Alamosa County,week 24,29
Alamosa County,week 25,43
Alamosa County,week 26,49
Alamosa County,week 27,49
Alamosa County,week 28,61
Alamosa County,week 29,63
Alamosa County,week 30,63
Alamosa County,week 31,63
Alamosa County,week 32,63
Alamosa County,week 33,63
Alamosa County,week 34,63
Alamosa County,week 35,9
Arapahoe County,week 1,0
Arapahoe County,week 2,0
Arapahoe County,week 3,0
Arapahoe County,week 4,0
Arapahoe County,week 5,0
Arapahoe County,week 6,0
Arapahoe County,week 7,0
Arapahoe County,week 8,0
Arapahoe County,week 9,0
Arapahoe County,week 10,17
Arapahoe County,week 11,81
Arapahoe County,week 12,229
Arapahoe County,week 13,444
Arapahoe County,week 14,833
Arapahoe County,week 15,1064
Arapahoe County,week 16,1231
Arapahoe County,week 17,1648
Arapahoe County,week 18,1943
Arapahoe County,week 19,2129
Arapahoe County,week 20,2278
Arapahoe County,week 21,2343
Arapahoe County,week 22,2376
Arapahoe County,week 23,2397
Arapahoe County,week 24,2415
Arapahoe County,week 25,2443
Arapahoe County,week 26,2459
Arapahoe County,week 27,2512
Arapahoe County,week 28,2534
Arapahoe County,week 29,2534
Arapahoe County,week 30,2544
Arapahoe County,week 31,2549
Arapahoe County,week 32,2565
Arapahoe County,week 33,2578
Arapahoe County,week 34,2583
Arapahoe County,week 35,369
Archuleta County,week 1,0
Archuleta County,week 2,0
Archuleta County,week 3,0
Archuleta County,week 4,0
Archuleta County,week 5,0
Archuleta County,week 6,0
Archuleta County,week 7,0
Archuleta County,week 8,0
Archuleta County,week 9,0
Archuleta County,week 10,0
Archuleta County,week 11,0
Archuleta County,week 12,0
Archuleta County,week 13,0
Archuleta County,week 14,0
Archuleta County,week 15,0
Archuleta County,week 16,0
Archuleta County,week 17,0
Archuleta County,week 18,0
Archuleta County,week 19,0
Archuleta County,week 20,0
Archuleta County,week 21,0
Archuleta County,week 22,0
Archuleta County,week 23,0
Archuleta County,week 24,0
Archuleta County,week 25,0
Archuleta County,week 26,0
Archuleta County,week 27,0
Archuleta County,week 28,0
Archuleta County,week 29,0
Archuleta County,week 30,0
Archuleta County,week 31,0
Archuleta County,week 32,0
Archuleta County,week 33,0
Archuleta County,week 34,0
Archuleta County,week 35,0
Baca County,week 1,0
Baca County,week 2,0
Baca County,week 3,0
Baca County,week 4,0
Baca County,week 5,0
Baca County,week 6,0
Baca County,week 7,0
Baca County,week 8,0
Baca County,week 9,0
Baca County,week 10,0
Baca County,week 11,0
Baca County,week 12,0
Baca County,week 13,0
Baca County,week 14,0
Baca County,week 15,0
Baca County,week 16,0
Baca County,week 17,0
Baca County,week 18,0
Baca County,week 19,0
Baca County,week 20,0
Baca County,week 21,0
Baca County,week 22,0
Baca County,week 23,0
Baca County,week 24,0
Baca County,week 25,0
Baca County,week 26,0
Baca County,week 27,0
Baca County,week 28,0
Baca County,week 29,0
Baca County,week 30,0
Baca County,week 31,0
Baca County,week 32,0
Baca County,week 33,0
Baca County,week 34,0
Baca County,week 35,0
Bent County,week 1,0
Bent County,week 2,0
Bent County,week 3,0
Bent County,week 4,0
Bent County,week 5,0
Bent County,week 6,0
Bent County,week 7,0
Bent County,week 8,0
Bent County,week 9,0
Bent County,week 10,0
Bent County,week 11,0
Bent County,week 12,0
Bent County,week 13,0
Bent County,week 14,0
Bent County,week 15,0
Bent County,week 16,0
Bent County,week 17,0
Bent County,week 18,0
Bent County,week 19,0
Bent County,week 20,0
Bent County,week 21,0
Bent County,week 22,0
Bent County,week 23,0
Bent County,week 24,0
Bent County,week 25,0
Bent County,week 26,0
Bent County,week 27,0
Bent County,week 28,0
Bent County,week 29,0
Bent County,week 30,0
Bent County,week 31,0
Bent County,week 32,0
Bent County,week 33,0
Bent County,week 34,0
Bent County,week 35,0
Boulder County,week 1,0
Boulder County,week 2,0
Boulder County,week 3,0
Boulder County,week 4,0
Boulder County,week 5,0
Boulder County,week 6,0
Boulder County,week 7,0
Boulder County,week 8,0
Boulder County,week 9,0
Boulder County,week 10,6
Boulder County,week 11,17
Boulder County,week 12,61
Boulder County,week 13,114
Boulder County,week 14,198
Boulder County,week 15,295
Boulder County,week 16,359
Boulder County,week 17,412
Boulder County,week 18,428
Boulder County,week 19,451
Boulder County,week 20,469
Boulder County,week 21,482
Boulder County,week 22,495
Boulder County,week 23,498
Boulder County,week 24,504
Boulder County,week 25,510
Boulder County,week 26,518
Boulder County,week 27,518
Boulder County,week 28,518
Boulder County,week 29,520
Boulder County,week 30,536
Boulder County,week 31,551
Boulder County,week 32,553
Boulder County,week 33,553
Boulder County,week 34,553
Boulder County,week 35,79
Broomfield County,week 1,0
Broomfield County,week 2,0
Broomfield County,week 3,0
Broomfield County,week 4,0
Broomfield County,week 5,0
Broomfield County,week 6,0
Broomfield County,week 7,0
Broomfield County,week 8,0
Broomfield County,week 9,0
Broomfield County,week 10,1
Broomfield County,week 11,14
Broomfield County,week 12,14
Broomfield County,week 13,14
Broomfield County,week 14,35
Broomfield County,week 15,81
Broomfield County,week 16,119
Broomfield County,week 17,154
Broomfield County,week 18,174
Broomfield County,week 19,184
Broomfield County,week 20,189
Broomfield County,week 21,196
Broomfield County,week 22,197
Broomfield County,week 23,205
Broomfield County,week 24,210
Broomfield County,week 25,210
Broomfield County,week 26,212
Broomfield County,week 27,224
Broomfield County,week 28,224
Broomfield County,week 29,224
Broomfield County,week 30,224
Broomfield County,week 31,225
Broomfield County,week 32,231
Broomfield County,week 33,231
Broomfield County,week 34,231
Broomfield County,week 35,33
Chaffee County,week 1,0
Chaffee County,week 2,0
Chaffee County,week 3,0
Chaffee County,week 4,0
Chaffee County,week 5,0
Chaffee County,week 6,0
Chaffee County,week 7,0
Chaffee County,week 8,0
Chaffee County,week 9,0
Chaffee County,week 10,6
Chaffee County,week 11,13
Chaffee County,week 12,20
Chaffee County,week 13,28
Chaffee County,week 14,71
Chaffee County,week 15,107
Chaffee County,week 16,112
Chaffee County,week 17,119
Chaffee County,week 18,128
Chaffee County,week 19,133
Chaffee County,week 20,133
Chaffee County,week 21,133
Chaffee County,week 22,133
Chaffee County,week 23,133
Chaffee County,week 24,133
Chaffee County,week 25,133
Chaffee County,week 26,133
Chaffee County,week 27,133
Chaffee County,week 28,133
Chaffee County,week 29,133
Chaffee County,week 30,133
Chaffee County,week 31,133
Chaffee County,week 32,133
Chaffee County,week 33,133
Chaffee County,week 34,133
Chaffee County,week 35,19
Cheyenne County,week 1,0
Cheyenne County,week 2,0
Cheyenne County,week 3,0
Cheyenne County,week 4,0
Cheyenne County,week 5,0
Cheyenne County,week 6,0
Cheyenne County,week 7,0
Cheyenne County,week 8,0
Cheyenne County,week 9,0
Cheyenne County,week 10,0
Cheyenne County,week 11,0
Cheyenne County,week 12,0
Cheyenne County,week 13,0
Cheyenne County,week 14,0
Cheyenne County,week 15,0
Cheyenne County,week 16,0
Cheyenne County,week 17,0
Cheyenne County,week 18,0
Cheyenne County,week 19,0
Cheyenne County,week 20,0
Cheyenne County,week 21,0
Cheyenne County,week 22,0
Cheyenne County,week 23,0
Cheyenne County,week 24,0
Cheyenne County,week 25,0
Cheyenne County,week 26,0
Cheyenne County,week 27,0
Cheyenne County,week 28,0
Cheyenne County,week 29,0
Cheyenne County,week 30,0
Cheyenne County,week 31,0
Cheyenne County,week 32,0
Cheyenne County,week 33,0
Cheyenne County,week 34,0
Cheyenne County,week 35,0
Clear Creek County,week 1,0
Clear Creek County,week 2,0
Clear Creek County,week 3,0
Clear Creek County,week 4,0
Clear Creek County,week 5,0
Clear Creek County,week 6,0
Clear Creek County,week 7,0
Clear Creek County,week 8,0
Clear Creek County,week 9,0
Clear Creek County,week 10,0
Clear Creek County,week 11,0
Clear Creek County,week 12,0
Clear Creek County,week 13,1
Clear Creek County,week 14,7
Clear Creek County,week 15,7
Clear Creek County,week 16,7
Clear Creek County,week 17,7
Clear Creek County,week 18,7
Clear Creek County,week 19,7
Clear Creek County,week 20,7
Clear Creek County,week 21,7
Clear Creek County,week 22,7
Clear Creek County,week 23,7
Clear Creek County,week 24,7
Clear Creek County,week 25,7
Clear Creek County,week 26,7
Clear Creek County,week 27,7
Clear Creek County,week 28,7
Clear Creek County,week 29,7
Clear Creek County,week 30,7
Clear Creek County,week 31,7
Clear Creek County,week 32,7
Clear Creek County,week 33,7
Clear Creek County,week 34,7
Clear Creek County,week 35,1
Conejos County,week 1,0
Conejos County,week 2,0
Conejos County,week 3,0
Conejos County,week 4,0
Conejos County,week 5,0
Conejos County,week 6,0
Conejos County,week 7,0
Conejos County,week 8,0
Conejos County,week 9,0
Conejos County,week 10,0
Conejos County,week 11,0
Conejos County,week 12,0
Conejos County,week 13,0
Conejos County,week 14,0
Conejos County,week 15,0
Conejos County,week 16,0
Conejos County,week 17,0
Conejos County,week 18,0
Conejos County,week 19,0
Conejos County,week 20,0
Conejos County,week 21,0
Conejos County,week 22,0
Conejos County,week 23,0
Conejos County,week 24,0
Conejos County,week 25,0
Conejos County,week 26,0
Conejos County,week 27,0
Conejos County,week 28,0
Conejos County,week 29,0
Conejos County,week 30,0
Conejos County,week 31,0
Conejos County,week 32,0
Conejos County,week 33,0
Conejos County,week 34,0
Conejos County,week 35,0
Costilla County,week 1,0
Costilla County,week 2,0
Costilla County,week 3,0
Costilla County,week 4,0
Costilla County,week 5,0
Costilla County,week 6,0
Costilla County,week 7,0
Costilla County,week 8,0
Costilla County,week 9,0
Costilla County,week 10,0
Costilla County,week 11,0
Costilla County,week 12,0
Costilla County,week 13,0
Costilla County,week 14,0
Costilla County,week 15,0
Costilla County,week 16,0
Costilla County,week 17,0
Costilla County,week 18,0
Costilla County,week 19,0
Costilla County,week 20,0
Costilla County,week 21,0
Costilla County,week 22,0
Costilla County,week 23,0
Costilla County,week 24,0
Costilla County,week 25,0
Costilla County,week 26,0
Costilla County,week 27,0
Costilla County,week 28,0
Costilla County,week 29,0
Costilla County,week 30,0
Costilla County,week 31,0
Costilla County,week 32,2
Costilla County,week 33,7
Costilla County,week 34,7
Costilla County,week 35,1
Crowley County,week 1,0
Crowley County,week 2,0
Crowley County,week 3,0
Crowley County,week 4,0
Crowley County,week 5,0
Crowley County,week 6,0
Crowley County,week 7,0
Crowley County,week 8,0
Crowley County,week 9,5
Crowley County,week 10,7
Crowley County,week 11,7
Crowley County,week 12,7
Crowley County,week 13,7
Crowley County,week 14,7
Crowley County,week 15,7
Crowley County,week 16,7
Crowley County,week 17,7
Crowley County,week 18,7
Crowley County,week 19,7
Crowley County,week 20,7
Crowley County,week 21,7
Crowley County,week 22,7
Crowley County,week 23,7
Crowley County,week 24,7
Crowley County,week 25,7
Crowley County,week 26,7
Crowley County,week 27,7
Crowley County,week 28,7
Crowley County,week 29,7
Crowley County,week 30,7
Crowley County,week 31,7
Crowley County,week 32,7
Crowley County,week 33,7
Crowley County,week 34,7
Crowley County,week 35,1
Custer County,week 1,0
Custer County,week 2,0
Custer County,week 3,0
Custer County,week 4,0
Custer County,week 5,0
Custer County,week 6,0
Custer County,week 7,0
Custer County,week 8,0
Custer County,week 9,0
Custer County,week 10,0
Custer County,week 11,0
Custer County,week 12,0
Custer County,week 13,0
Custer County,week 14,0
Custer County,week 15,0
Custer County,week 16,0
Custer County,week 17,0
Custer County,week 18,0
Custer County,week 19,0
Custer County,week 20,0
Custer County,week 21,0
Custer County,week 22,0
Custer County,week 23,0
Custer County,week 24,0
Custer County,week 25,0
Custer County,week 26,0
Custer County,week 27,0
Custer County,week 28,0
Custer County,week 29,0
Custer County,week 30,0
Custer County,week 31,0
Custer County,week 32,0
Custer County,week 33,0
Custer County,week 34,0
Custer County,week 35,0
Delta County,week 1,0
Delta County,week 2,0
Delta County,week 3,0
Delta County,week 4,0
Delta County,week 5,0
Delta County,week 6,0
Delta County,week 7,0
Delta County,week 8,0
Delta County,week 9,0
Delta County,week 10,0
Delta County,week 11,0
Delta County,week 12,7
Delta County,week 13,7
Delta County,week 14,7
Delta County,week 15,7
Delta County,week 16,7
Delta County,week 17,7
Delta County,week 18,7
Delta County,week 19,7
Delta County,week 20,7
Delta County,week 21,7
Delta County,week 22,7
Delta County,week 23,7
Delta County,week 24,7
Delta County,week 25,7
Delta County,week 26,7
Delta County,week 27,7
Delta County,week 28,7
Delta County,week 29,7
Delta County,week 30,7
Delta County,week 31,7
Delta County,week 32,13
Delta County,week 33,14
Delta County,week 34,16
Delta County,week 35,3
Denver County,week 1,0
Denver County,week 2,0
Denver County,week 3,0
Denver County,week 4,0
Denver County,week 5,0
Denver County,week 6,0
Denver County,week 7,0
Denver County,week 8,0
Denver County,week 9,0
Denver County,week 10,32
Denver County,week 11,108
Denver County,week 12,307
Denver County,week 13,513
Denver County,week 14,866
Denver County,week 15,1151
Denver County,week 16,1433
Denver County,week 17,1801
Denver County,week 18,2083
Denver County,week 19,2278
Denver County,week 20,2383
Denver County,week 21,2521
Denver County,week 22,2566
Denver County,week 23,2617
Denver County,week 24,2672
Denver County,week 25,2744
Denver County,week 26,2786
Denver County,week 27,2828
Denver County,week 28,2874
Denver County,week 29,2899
Denver County,week 30,2933
Denver County,week 31,2952
Denver County,week 32,2987
Denver County,week 33,3003
Denver County,week 34,3008
Denver County,week 35,431
Dolores County,week 1,0
Dolores County,week 2,0
Dolores County,week 3,0
Dolores County,week 4,0
Dolores County,week 5,0
Dolores County,week 6,0
Dolores County,week 7,0
Dolores County,week 8,0
Dolores County,week 9,0
Dolores County,week 10,0
Dolores County,week 11,0
Dolores County,week 12,0
Dolores County,week 13,0
Dolores County,week 14,0
Dolores County,week 15,0
Dolores County,week 16,0
Dolores County,week 17,0
Dolores County,week 18,0
Dolores County,week 19,0
Dolores County,week 20,0
Dolores County,week 21,0
Dolores County,week 22,0
Dolores County,week 23,0
Dolores County,week 24,0
Dolores County,week 25,0
Dolores County,week 26,0
Dolores County,week 27,0
Dolores County,week 28,0
Dolores County,week 29,0
Dolores County,week 30,0
Dolores County,week 31,0
Dolores County,week 32,0
Dolores County,week 33,0
Dolores County,week 34,0
Dolores County,week 35,0
Douglas County,week 1,0
Douglas County,week 2,0
Douglas County,week 3,0
Douglas County,week 4,0
Douglas County,week 5,0
Douglas County,week 6,0
Douglas County,week 7,0
Douglas County,week 8,0
Douglas County,week 9,0
Douglas County,week 10,0
Douglas County,week 11,20
Douglas County,week 12,70
Douglas County,week 13,110
Douglas County,week 14,133
Douglas County,week 15,159
Douglas County,week 16,192
Douglas County,week 17,256
Douglas County,week 18,305
Douglas County,week 19,314
Douglas County,week 20,328
Douglas County,week 21,340
Douglas County,week 22,355
Douglas County,week 23,364
Douglas County,week 24,364
Douglas County,week 25,365
Douglas County,week 26,378
Douglas County,week 27,389
Douglas County,week 28,410
Douglas County,week 29,413
Douglas County,week 30,413
Douglas County,week 31,414
Douglas County,week 32,420
Douglas County,week 33,420
Douglas County,week 34,420
Douglas County,week 35,60
Eagle County,week 1,0
Eagle County,week 2,0
Eagle County,week 3,0
Eagle County,week 4,0
Eagle County,week 5,0
Eagle County,week 6,0
Eagle County,week 7,0
Eagle County,week 8,0
Eagle County,week 9,4
Eagle County,week 10,15
Eagle County,week 11,33
Eagle County,week 12,36
Eagle County,week 13,45
Eagle County,week 14,49
Eagle County,week 15,49
Eagle County,week 16,51
Eagle County,week 17,56
Eagle County,week 18,56
Eagle County,week 19,56
Eagle County,week 20,56
Eagle County,week 21,56
Eagle County,week 22,56
Eagle County,week 23,56
Eagle County,week 24,56
Eagle County,week 25,56
Eagle County,week 26,63
Eagle County,week 27,63
Eagle County,week 28,63
Eagle County,week 29,63
Eagle County,week 30,63
Eagle County,week 31,63
Eagle County,week 32,63
Eagle County,week 33,63
Eagle County,week 34,63
Eagle County,week 35,9
Elbert County,week 1,0
Elbert County,week 2,0
Elbert County,week 3,0
Elbert County,week 4,0
Elbert County,week 5,0
Elbert County,week 6,0
Elbert County,week 7,0
Elbert County,week 8,0
Elbert County,week 9,0
Elbert County,week 10,0
Elbert County,week 11,4
Elbert County,week 12,7
Elbert County,week 13,7
Elbert County,week 14,7
Elbert County,week 15,7
Elbert County,week 16,8
Elbert County,week 17,14
Elbert County,week 18,14
Elbert County,week 19,14
Elbert County,week 20,14
Elbert County,week 21,14
Elbert County,week 22,14
Elbert County,week 23,14
Elbert County,week 24,14
Elbert County,week 25,14
Elbert County,week 26,14
Elbert County,week 27,14
Elbert County,week 28,14
Elbert County,week 29,14
Elbert County,week 30,14
Elbert County,week 31,14
Elbert County,week 32,14
Elbert County,week 33,14
Elbert County,week 34,15
Elbert County,week 35,3
El Paso County,week 1,0
El Paso County,week 2,0
El Paso County,week 3,0
El Paso County,week 4,0
El Paso County,week 5,0
El Paso County,week 6,0
El Paso County,week 7,0
El Paso County,week 8,5
El Paso County,week 9,16
El Paso County,week 10,64
El Paso County,week 11,151
El Paso County,week 12,245
El Paso County,week 13,341
El Paso County,week 14,446
El Paso County,week 15,512
El Paso County,week 16,548
El Paso County,week 17,578
El Paso County,week 18,616
El Paso County,week 19,624
El Paso County,week 20,677
El Paso County,week 21,715
El Paso County,week 22,763
El Paso County,week 23,763
El Paso County,week 24,763
El Paso County,week 25,797
El Paso County,week 26,835
El Paso County,week 27,873
El Paso County,week 28,939
El Paso County,week 29,963
El Paso County,week 30,1001
El Paso County,week 31,1036
El Paso County,week 32,1059
El Paso County,week 33,1084
El Paso County,week 34,1112
El Paso County,week 35,164
Fremont County,week 1,0
Fremont County,week 2,0
Fremont County,week 3,0
Fremont County,week 4,0
Fremont County,week 5,0
Fremont County,week 6,0
Fremont County,week 7,0
Fremont County,week 8,0
Fremont County,week 9,0
Fremont County,week 10,0
Fremont County,week 11,0
Fremont County,week 12,0
Fremont County,week 13,0
Fremont County,week 14,0
Fremont County,week 15,0
Fremont County,week 16,0
Fremont County,week 17,0
Fremont County,week 18,0
Fremont County,week 19,0
Fremont County,week 20,0
Fremont County,week 21,0
Fremont County,week 22,0
Fremont County,week 23,0
Fremont County,week 24,0
Fremont County,week 25,0
Fremont County,week 26,0
Fremont County,week 27,0
Fremont County,week 28,0
Fremont County,week 29,0
Fremont County,week 30,0
Fremont County,week 31,0
Fremont County,week 32,0
Fremont County,week 33,0
Fremont County,week 34,7
Fremont County,week 35,1
Garfield County,week 1,0
Garfield County,week 2,0
Garfield County,week 3,0
Garfield County,week 4,0
Garfield County,week 5,0
Garfield County,week 6,0
Garfield County,week 7,0
Garfield County,week 8,0
Garfield County,week 9,0
Garfield County,week 10,2
Garfield County,week 11,7
Garfield County,week 12,13
Garfield County,week 13,14
Garfield County,week 14,14
Garfield County,week 15,14
Garfield County,week 16,14
Garfield County,week 17,14
Garfield County,week 18,14
Garfield County,week 19,14
Garfield County,week 20,14
Garfield County,week 21,14
Garfield County,week 22,14
Garfield County,week 23,14
Garfield County,week 24,16
Garfield County,week 25,21
Garfield County,week 26,28
Garfield County,week 27,28
Garfield County,week 28,28
Garfield County,week 29,28
Garfield County,week 30,28
Garfield County,week 31,28
Garfield County,week 32,28
Garfield County,week 33,28
Garfield County,week 34,33
Garfield County,week 35,5
Gilpin County,week 1,0
Gilpin County,week 2,0
Gilpin County,week 3,0
Gilpin County,week 4,0
Gilpin County,week 5,0
Gilpin County,week 6,0
Gilpin County,week 7,0
Gilpin County,week 8,0
Gilpin County,week 9,0
Gilpin County,week 10,0
Gilpin County,week 11,0
Gilpin County,week 12,0
Gilpin County,week 13,0
Gilpin County,week 14,0
Gilpin County,week 15,0
Gilpin County,week 16,0
Gilpin County,week 17,0
Gilpin County,week 18,0
Gilpin County,week 19,0
Gilpin County,week 20,0
Gilpin County,week 21,0
Gilpin County,week 22,0
Gilpin County,week 23,0
Gilpin County,week 24,0
Gilpin County,week 25,0
Gilpin County,week 26,0
Gilpin County,week 27,0
Gilpin County,week 28,0
Gilpin County,week 29,0
Gilpin County,week 30,0
Gilpin County,week 31,0
Gilpin County,week 32,0
Gilpin County,week 33,0
Gilpin County,week 34,0
Gilpin County,week 35,0
Grand County,week 1,0
Grand County,week 2,0
Grand County,week 3,0
Grand County,week 4,0
Grand County,week 5,0
Grand County,week 6,0
Grand County,week 7,0
Grand County,week 8,0
Grand County,week 9,0
Grand County,week 10,0
Grand County,week 11,0
Grand County,week 12,0
Grand County,week 13,0
Grand County,week 14,0
Grand County,week 15,0
Grand County,week 16,0
Grand County,week 17,0
Grand County,week 18,0
Grand County,week 19,0
Grand County,week 20,0
Grand County,week 21,0
Grand County,week 22,0
Grand County,week 23,2
Grand County,week 24,7
Grand County,week 25,7
Grand County,week 26,7
Grand County,week 27,7
Grand County,week 28,7
Grand County,week 29,7
Grand County,week 30,7
Grand County,week 31,7
Grand County,week 32,7
Grand County,week 33,7
Grand County,week 34,7
Grand County,week 35,1
Gunnison County,week 1,0
Gunnison County,week 2,0
Gunnison County,week 3,0
Gunnison County,week 4,0
Gunnison County,week 5,0
Gunnison County,week 6,0
Gunnison County,week 7,0
Gunnison County,week 8,0
Gunnison County,week 9,0
Gunnison County,week 10,7
Gunnison County,week 11,7
Gunnison County,week 12,15
Gunnison County,week 13,21
Gunnison County,week 14,28
Gunnison County,week 15,34
Gunnison County,week 16,42
Gunnison County,week 17,42
Gunnison County,week 18,42
Gunnison County,week 19,42
Gunnison County,week 20,42
Gunnison County,week 21,42
Gunnison County,week 22,42
Gunnison County,week 23,42
Gunnison County,week 24,42
Gunnison County,week 25,42
Gunnison County,week 26,42
Gunnison County,week 27,42
Gunnison County,week 28,42
Gunnison County,week 29,44
Gunnison County,week 30,49
Gunnison County,week 31,49
Gunnison County,week 32,49
Gunnison County,week 33,49
Gunnison County,week 34,49
Gunnison County,week 35,7
Hinsdale County,week 1,0
Hinsdale County,week 2,0
Hinsdale County,week 3,0
Hinsdale County,week 4,0
Hinsdale County,week 5,0
Hinsdale County,week 6,0
Hinsdale County,week 7,0
Hinsdale County,week 8,0
Hinsdale County,week 9,0
Hinsdale County,week 10,0
Hinsdale County,week 11,0
Hinsdale County,week 12,0
Hinsdale County,week 13,0
Hinsdale County,week 14,0
Hinsdale County,week 15,0
Hinsdale County,week 16,0
Hinsdale County,week 17,0
Hinsdale County,week 18,0
Hinsdale County,week 19,0
Hinsdale County,week 20,0
Hinsdale County,week 21,0
Hinsdale County,week 22,0
Hinsdale County,week 23,0
Hinsdale County,week 24,0
Hinsdale County,week 25,0
Hinsdale County,week 26,0
Hinsdale County,week 27,0
Hinsdale County,week 28,0
Hinsdale County,week 29,0
Hinsdale County,week 30,0
Hinsdale County,week 31,0
Hinsdale County,week 32,0
Hinsdale County,week 33,0
Hinsdale County,week 34,0
Hinsdale County,week 35,0
Huerfano County,week 1,0
Huerfano County,week 2,0
Huerfano County,week 3,0
Huerfano County,week 4,0
Huerfano County,week 5,0
Huerfano County,week 6,0
Huerfano County,week 7,0
Huerfano County,week 8,0
Huerfano County,week 9,0
Huerfano County,week 10,0
Huerfano County,week 11,0
Huerfano County,week 12,0
Huerfano County,week 13,0
Huerfano County,week 14,0
Huerfano County,week 15,0
Huerfano County,week 16,0
Huerfano County,week 17,0
Huerfano County,week 18,0
Huerfano County,week 19,0
Huerfano County,week 20,0
Huerfano County,week 21,0
Huerfano County,week 22,0
Huerfano County,week 23,0
Huerfano County,week 24,7
Huerfano County,week 25,7
Huerfano County,week 26,7
Huerfano County,week 27,7
Huerfano County,week 28,7
Huerfano County,week 29,7
Huerfano County,week 30,7
Huerfano County,week 31,7
Huerfano County,week 32,7
Huerfano County,week 33,7
Huerfano County,week 34,7
Huerfano County,week 35,1
Jackson County,week 1,0
Jackson County,week 2,0
Jackson County,week 3,0
Jackson County,week 4,0
Jackson County,week 5,0
Jackson County,week 6,0
Jackson County,week 7,0
Jackson County,week 8,0
Jackson County,week 9,0
Jackson County,week 10,0
Jackson County,week 11,0
Jackson County,week 12,0
Jackson County,week 13,0
Jackson County,week 14,0
Jackson County,week 15,0
Jackson County,week 16,0
Jackson County,week 17,0
Jackson County,week 18,0
Jackson County,week 19,0
Jackson County,week 20,0
Jackson County,week 21,0
Jackson County,week 22,0
Jackson County,week 23,0
Jackson County,week 24,0
Jackson County,week 25,0
Jackson County,week 26,0
Jackson County,week 27,0
Jackson County,week 28,0
Jackson County,week 29,0
Jackson County,week 30,0
Jackson County,week 31,0
Jackson County,week 32,0
Jackson County,week 33,0
Jackson County,week 34,0
Jackson County,week 35,0
Jefferson County,week 1,0
Jefferson County,week 2,0
Jefferson County,week 3,0
Jefferson County,week 4,0
Jefferson County,week 5,0
Jefferson County,week 6,0
Jefferson County,week 7,0
Jefferson County,week 8,0
Jefferson County,week 9,0
Jefferson County,week 10,31
Jefferson County,week 11,100
Jefferson County,week 12,187
Jefferson County,week 13,248
Jefferson County,week 14,413
Jefferson County,week 15,562
Jefferson County,week 16,649
Jefferson County,week 17,836
Jefferson County,week 18,997
Jefferson County,week 19,1175
Jefferson County,week 20,1255
Jefferson County,week 21,1368
Jefferson County,week 22,1422
Jefferson County,week 23,1456
Jefferson County,week 24,1482
Jefferson County,week 25,1506
Jefferson County,week 26,1524
Jefferson County,week 27,1547
Jefferson County,week 28,1586
Jefferson County,week 29,1599
Jefferson County,week 30,1636
Jefferson County,week 31,1642
Jefferson County,week 32,1656
Jefferson County,week 33,1684
Jefferson County,week 34,1711
Jefferson County,week 35,247
Kiowa County,week 1,0
Kiowa County,week 2,0
Kiowa County,week 3,0
Kiowa County,week 4,0
Kiowa County,week 5,0
Kiowa County,week 6,0
Kiowa County,week 7,0
Kiowa County,week 8,0
Kiowa County,week 9,0
Kiowa County,week 10,0
Kiowa County,week 11,0
Kiowa County,week 12,0
Kiowa County,week 13,0
Kiowa County,week 14,0
Kiowa County,week 15,0
Kiowa County,week 16,0
Kiowa County,week 17,0
Kiowa County,week 18,0
Kiowa County,week 19,0
Kiowa County,week 20,0
Kiowa County,week 21,0
Kiowa County,week 22,0
Kiowa County,week 23,0
Kiowa County,week 24,0
Kiowa County,week 25,0
Kiowa County,week 26,0
Kiowa County,week 27,0
Kiowa County,week 28,0
Kiowa County,week 29,0
Kiowa County,week 30,0
Kiowa County,week 31,0
Kiowa County,week 32,0
Kiowa County,week 33,0
Kiowa County,week 34,0
Kiowa County,week 35,0
Kit Carson County,week 1,0
Kit Carson County,week 2,0
Kit Carson County,week 3,0
Kit Carson County,week 4,0
Kit Carson County,week 5,0
Kit Carson County,week 6,0
Kit Carson County,week 7,0
Kit Carson County,week 8,0
Kit Carson County,week 9,0
Kit Carson County,week 10,0
Kit Carson County,week 11,0
Kit Carson County,week 12,1
Kit Carson County,week 13,7
Kit Carson County,week 14,12
Kit Carson County,week 15,14
Kit Carson County,week 16,14
Kit Carson County,week 17,19
Kit Carson County,week 18,21
Kit Carson County,week 19,21
Kit Carson County,week 20,21
Kit Carson County,week 21,21
Kit Carson County,week 22,21
Kit Carson County,week 23,21
Kit Carson County,week 24,21
Kit Carson County,week 25,21
Kit Carson County,week 26,21
Kit Carson County,week 27,21
Kit Carson County,week 28,21
Kit Carson County,week 29,21
Kit Carson County,week 30,21
Kit Carson County,week 31,21
Kit Carson County,week 32,21
Kit Carson County,week 33,21
Kit Carson County,week 34,21
Kit Carson County,week 35,3
Lake County,week 1,0
Lake County,week 2,0
Lake County,week 3,0
Lake County,week 4,0
Lake County,week 5,0
Lake County,week 6,0
Lake County,week 7,0
Lake County,week 8,0
Lake County,week 9,0
Lake County,week 10,0
Lake County,week 11,0
Lake County,week 12,0
Lake County,week 13,0
Lake County,week 14,0
Lake County,week 15,0
Lake County,week 16,0
Lake County,week 17,0
Lake County,week 18,0
Lake County,week 19,0
Lake County,week 20,0
Lake County,week 21,0
Lake County,week 22,0
Lake County,week 23,0
Lake County,week 24,0
Lake County,week 25,0
Lake County,week 26,0
Lake County,week 27,0
Lake County,week 28,0
Lake County,week 29,0
Lake County,week 30,0
Lake County,week 31,0
Lake County,week 32,0
Lake County,week 33,0
Lake County,week 34,0
Lake County,week 35,0
La Plata County,week 1,0
La Plata County,week 2,0
La Plata County,week 3,0
La Plata County,week 4,0
La Plata County,week 5,0
La Plata County,week 6,0
La Plata County,week 7,0
La Plata County,week 8,0
La Plata County,week 9,0
La Plata County,week 10,0
La Plata County,week 11,0
La Plata County,week 12,0
La Plata County,week 13,0
La Plata County,week 14,0
La Plata County,week 15,0
La Plata County,week 16,4
La Plata County,week 17,7
La Plata County,week 18,7
La Plata County,week 19,7
La Plata County,week 20,7
La Plata County,week 21,7
La Plata County,week 22,7
La Plata County,week 23,7
La Plata County,week 24,7
La Plata County,week 25,7
La Plata County,week 26,12
La Plata County,week 27,14
La Plata County,week 28,14
La Plata County,week 29,14
La Plata County,week 30,14
La Plata County,week 31,14
La Plata County,week 32,14
La Plata County,week 33,14
La Plata County,week 34,14
La Plata County,week 35,2
Larimer County,week 1,0
Larimer County,week 2,0
Larimer County,week 3,0
Larimer County,week 4,0
Larimer County,week 5,0
Larimer County,week 6,0
Larimer County,week 7,0
Larimer County,week 8,0
Larimer County,week 9,0
Larimer County,week 10,19
Larimer County,week 11,53
Larimer County,week 12,62
Larimer County,week 13,78
Larimer County,week 14,119
Larimer County,week 15,126
Larimer County,week 16,128
Larimer County,week 17,143
Larimer County,week 18,147
Larimer County,week 19,184
Larimer County,week 20,189
Larimer County,week 21,191
Larimer County,week 22,203
Larimer County,week 23,203
Larimer County,week 24,203
Larimer County,week 25,210
Larimer County,week 26,216
Larimer County,week 27,224
Larimer County,week 28,243
Larimer County,week 29,246
Larimer County,week 30,253
Larimer County,week 31,260
Larimer County,week 32,288
Larimer County,week 33,306
Larimer County,week 34,319
Larimer County,week 35,48
Las Animas County,week 1,0
Las Animas County,week 2,0
Las Animas County,week 3,0
Las Animas County,week 4,0
Las Animas County,week 5,0
Las Animas County,week 6,0
Las Animas County,week 7,0
Las Animas County,week 8,0
Las Animas County,week 9,0
Las Animas County,week 10,0
Las Animas County,week 11,0
Las Animas County,week 12,0
Las Animas County,week 13,0
Las Animas County,week 14,0
Las Animas County,week 15,0
Las Animas County,week 16,0
Las Animas County,week 17,0
Las Animas County,week 18,0
Las Animas County,week 19,0
Las Animas County,week 20,0
Las Animas County,week 21,0
Las Animas County,week 22,0
Las Animas County,week 23,0
Las Animas County,week 24,0
Las Animas County,week 25,0
Las Animas County,week 26,0
Las Animas County,week 27,0
Las Animas County,week 28,0
Las Animas County,week 29,0
Las Animas County,week 30,0
Las Animas County,week 31,0
Las Animas County,week 32,0
Las Animas County,week 33,0
Las Animas County,week 34,0
Las Animas County,week 35,0
Lincoln County,week 1,0
Lincoln County,week 2,0
Lincoln County,week 3,0
Lincoln County,week 4,0
Lincoln County,week 5,0
Lincoln County,week 6,0
Lincoln County,week 7,0
Lincoln County,week 8,0
Lincoln County,week 9,0
Lincoln County,week 10,0
Lincoln County,week 11,0
Lincoln County,week 12,0
Lincoln County,week 13,0
Lincoln County,week 14,0
Lincoln County,week 15,0
Lincoln County,week 16,0
Lincoln County,week 17,0
Lincoln County,week 18,0
Lincoln County,week 19,0
Lincoln County,week 20,0
Lincoln County,week 21,0
Lincoln County,week 22,0
Lincoln County,week 23,0
Lincoln County,week 24,0
Lincoln County,week 25,0
Lincoln County,week 26,0
Lincoln County,week 27,0
Lincoln County,week 28,0
Lincoln County,week 29,0
Lincoln County,week 30,0
Lincoln County,week 31,0
Lincoln County,week 32,0
Lincoln County,week 33,0
Lincoln County,week 34,0
Lincoln County,week 35,0
Logan County,week 1,0
Logan County,week 2,0
Logan County,week 3,0
Logan County,week 4,0
Logan County,week 5,0
Logan County,week 6,0
Logan County,week 7,0
Logan County,week 8,0
Logan County,week 9,0
Logan County,week 10,0
Logan County,week 11,0
Logan County,week 12,0
Logan County,week 13,5
Logan County,week 14,7
Logan County,week 15,7
Logan County,week 16,15
Logan County,week 17,21
Logan County,week 18,21
Logan County,week 19,22
Logan County,week 20,33
Logan County,week 21,35
Logan County,week 22,35
Logan County,week 23,35
Logan County,week 24,35
Logan County,week 25,35
Logan County,week 26,35
Logan County,week 27,35
Logan County,week 28,35
Logan County,week 29,35
Logan County,week 30,35
Logan County,week 31,35
Logan County,week 32,35
Logan County,week 33,35
Logan County,week 34,35
Logan County,week 35,5
Mesa County,week 1,0
Mesa County,week 2,0
Mesa County,week 3,0
Mesa County,week 4,0
Mesa County,week 5,0
Mesa County,week 6,0
Mesa County,week 7,0
Mesa County,week 8,0
Mesa County,week 9,0
Mesa County,week 10,0
Mesa County,week 11,0
Mesa County,week 12,0
Mesa County,week 13,0
Mesa County,week 14,0
Mesa County,week 15,0
Mesa County,week 16,0
Mesa County,week 17,0
Mesa County,week 18,0
Mesa County,week 19,0
Mesa County,week 20,0
Mesa County,week 21,0
Mesa County,week 22,0
Mesa County,week 23,0
Mesa County,week 24,0
Mesa County,week 25,0
Mesa County,week 26,0
Mesa County,week 27,6
Mesa County,week 28,19
Mesa County,week 29,27
Mesa County,week 30,32
Mesa County,week 31,35
Mesa County,week 32,35
Mesa County,week 33,35
Mesa County,week 34,39
Mesa County,week 35,6
Mineral County,week 1,0
Mineral County,week 2,0
Mineral County,week 3,0
Mineral County,week 4,0
Mineral County,week 5,0
Mineral County,week 6,0
Mineral County,week 7,0
Mineral County,week 8,0
Mineral County,week 9,0
Mineral County,week 10,0
Mineral County,week 11,0
Mineral County,week 12,0
Mineral County,week 13,0
Mineral County,week 14,0
Mineral County,week 15,0
Mineral County,week 16,0
Mineral County,week 17,0
Mineral County,week 18,0
Mineral County,week 19,0
Mineral County,week 20,0
Mineral County,week 21,0
Mineral County,week 22,0
Mineral County,week 23,0
Mineral County,week 24,0
Mineral County,week 25,0
Mineral County,week 26,0
Mineral County,week 27,0
Mineral County,week 28,0
Mineral County,week 29,0
Mineral County,week 30,0
Mineral County,week 31,0
Mineral County,week 32,0
Mineral County,week 33,0
Mineral County,week 34,0
Mineral County,week 35,0
Moffat County,week 1,0
Moffat County,week 2,0
Moffat County,week 3,0
Moffat County,week 4,0
Moffat County,week 5,0
Moffat County,week 6,0
Moffat County,week 7,0
Moffat County,week 8,0
Moffat County,week 9,0
Moffat County,week 10,0
Moffat County,week 11,0
Moffat County,week 12,0
Moffat County,week 13,0
Moffat County,week 14,0
Moffat County,week 15,0
Moffat County,week 16,0
Moffat County,week 17,0
Moffat County,week 18,0
Moffat County,week 19,0
Moffat County,week 20,0
Moffat County,week 21,0
Moffat County,week 22,0
Moffat County,week 23,0
Moffat County,week 24,0
Moffat County,week 25,5
Moffat County,week 26,7
Moffat County,week 27,7
Moffat County,week 28,7
Moffat County,week 29,7
Moffat County,week 30,7
Moffat County,week 31,7
Moffat County,week 32,7
Moffat County,week 33,7
Moffat County,week 34,7
Moffat County,week 35,1
Montezuma County,week 1,0
Montezuma County,week 2,0
Montezuma County,week 3,0
Montezuma County,week 4,0
Montezuma County,week 5,0
Montezuma County,week 6,0
Montezuma County,week 7,0
Montezuma County,week 8,0
Montezuma County,week 9,0
Montezuma County,week 10,0
Montezuma County,week 11,6
Montezuma County,week 12,11
Montezuma County,week 13,14
Montezuma County,week 14,14
Montezuma County,week 15,14
Montezuma County,week 16,16
Montezuma County,week 17,21
Montezuma County,week 18,21
Montezuma County,week 19,21
Montezuma County,week 20,21
Montezuma County,week 21,21
Montezuma County,week 22,21
Montezuma County,week 23,21
Montezuma County,week 24,21
Montezuma County,week 25,21
Montezuma County,week 26,22
Montezuma County,week 27,28
Montezuma County,week 28,28
Montezuma County,week 29,28
Montezuma County,week 30,34
Montezuma County,week 31,35
Montezuma County,week 32,35
Montezuma County,week 33,35
Montezuma County,week 34,35
Montezuma County,week 35,5
Montrose County,week 1,0
Montrose County,week 2,0
Montrose County,week 3,0
Montrose County,week 4,0
Montrose County,week 5,0
Montrose County,week 6,0
Montrose County,week 7,0
Montrose County,week 8,0
Montrose County,week 9,0
Montrose County,week 10,0
Montrose County,week 11,8
Montrose County,week 12,26
Montrose County,week 13,52
Montrose County,week 14,66
Montrose County,week 15,77
Montrose County,week 16,77
Montrose County,week 17,77
Montrose County,week 18,83
Montrose County,week 19,84
Montrose County,week 20,84
Montrose County,week 21,84
Montrose County,week 22,84
Montrose County,week 23,84
Montrose County,week 24,84
Montrose County,week 25,84
Montrose County,week 26,84
Montrose County,week 27,91
Montrose County,week 28,91
Montrose County,week 29,91
Montrose County,week 30,91
Montrose County,week 31,91
Montrose County,week 32,91
Montrose County,week 33,91
Montrose County,week 34,91
Montrose County,week 35,13
Morgan County,week 1,0
Morgan County,week 2,0
Morgan County,week 3,0
Morgan County,week 4,0
Morgan County,week 5,0
Morgan County,week 6,0
Morgan County,week 7,0
Morgan County,week 8,0
Morgan County,week 9,0
Morgan County,week 10,0
Morgan County,week 11,0
Morgan County,week 12,0
Morgan County,week 13,13
Morgan County,week 14,75
Morgan County,week 15,130
Morgan County,week 16,153
Morgan County,week 17,205
Morgan County,week 18,280
Morgan County,week 19,298
Morgan County,week 20,315
Morgan County,week 21,315
Morgan County,week 22,321
Morgan County,week 23,322
Morgan County,week 24,322
Morgan County,week 25,322
Morgan County,week 26,322
Morgan County,week 27,322
Morgan County,week 28,322
Morgan County,week 29,322
Morgan County,week 30,328
Morgan County,week 31,329
Morgan County,week 32,335
Morgan County,week 33,336
Morgan County,week 34,336
Morgan County,week 35,48
Otero County,week 1,0
Otero County,week 2,0
Otero County,week 3,0
Otero County,week 4,0
Otero County,week 5,0
Otero County,week 6,0
Otero County,week 7,0
Otero County,week 8,0
Otero County,week 9,0
Otero County,week 10,0
Otero County,week 11,0
Otero County,week 12,0
Otero County,week 13,0
Otero County,week 14,5
Otero County,week 15,7
Otero County,week 16,7
Otero County,week 17,7
Otero County,week 18,7
Otero County,week 19,7
Otero County,week 20,7
Otero County,week 21,7
Otero County,week 22,7
Otero County,week 23,7
Otero County,week 24,7
Otero County,week 25,7
Otero County,week 26,7
Otero County,week 27,18
Otero County,week 28,37
Otero County,week 29,42
Otero County,week 30,42
Otero County,week 31,42
Otero County,week 32,42
Otero County,week 33,42
Otero County,week 34,42
Otero County,week 35,6
Ouray County,week 1,0
Ouray County,week 2,0
Ouray County,week 3,0
Ouray County,week 4,0
Ouray County,week 5,0
Ouray County,week 6,0
Ouray County,week 7,0
Ouray County,week 8,0
Ouray County,week 9,0
Ouray County,week 10,0
Ouray County,week 11,0
Ouray County,week 12,6
Ouray County,week 13,7
Ouray County,week 14,7
Ouray County,week 15,7
Ouray County,week 16,7
Ouray County,week 17,7
Ouray County,week 18,7
Ouray County,week 19,7
Ouray County,week 20,7
Ouray County,week 21,7
Ouray County,week 22,7
Ouray County,week 23,7
Ouray County,week 24,7
Ouray County,week 25,7
Ouray County,week 26,7
Ouray County,week 27,7
Ouray County,week 28,7
Ouray County,week 29,7
Ouray County,week 30,7
Ouray County,week 31,7
Ouray County,week 32,7
Ouray County,week 33,7
Ouray County,week 34,7
Ouray County,week 35,1
Park County,week 1,0
Park County,week 2,0
Park County,week 3,0
Park County,week 4,0
Park County,week 5,0
Park County,week 6,0
Park County,week 7,0
Park County,week 8,0
Park County,week 9,0
Park County,week 10,0
Park County,week 11,0
Park County,week 12,0
Park County,week 13,0
Park County,week 14,0
Park County,week 15,0
Park County,week 16,0
Park County,week 17,0
Park County,week 18,0
Park County,week 19,0
Park County,week 20,0
Park County,week 21,0
Park County,week 22,0
Park County,week 23,0
Park County,week 24,0
Park County,week 25,0
Park County,week 26,5
Park County,week 27,7
Park County,week 28,7
Park County,week 29,7
Park County,week 30,7
Park County,week 31,7
Park County,week 32,7
Park County,week 33,7
Park County,week 34,7
Park County,week 35,1
Phillips County,week 1,0
Phillips County,week 2,0
Phillips County,week 3,0
Phillips County,week 4,0
Phillips County,week 5,0
Phillips County,week 6,0
Phillips County,week 7,0
Phillips County,week 8,0
Phillips County,week 9,0
Phillips County,week 10,0
Phillips County,week 11,0
Phillips County,week 12,0
Phillips County,week 13,0
Phillips County,week 14,0
Phillips County,week 15,0
Phillips County,week 16,0
Phillips County,week 17,0
Phillips County,week 18,0
Phillips County,week 19,0
Phillips County,week 20,0
Phillips County,week 21,0
Phillips County,week 22,0
Phillips County,week 23,0
Phillips County,week 24,0
Phillips County,week 25,0
Phillips County,week 26,0
Phillips County,week 27,0
Phillips County,week 28,0
Phillips County,week 29,0
Phillips County,week 30,0
Phillips County,week 31,0
Phillips County,week 32,0
Phillips County,week 33,0
Phillips County,week 34,0
Phillips County,week 35,0
Pitkin County,week 1,0
Pitkin County,week 2,0
Pitkin County,week 3,0
Pitkin County,week 4,0
Pitkin County,week 5,0
Pitkin County,week 6,0
Pitkin County,week 7,0
Pitkin County,week 8,0
Pitkin County,week 9,0
Pitkin County,week 10,8
Pitkin County,week 11,14
Pitkin County,week 12,14
Pitkin County,week 13,14
Pitkin County,week 14,14
Pitkin County,week 15,14
Pitkin County,week 16,14
Pitkin County,week 17,14
Pitkin County,week 18,14
Pitkin County,week 19,14
Pitkin County,week 20,14
Pitkin County,week 21,14
Pitkin County,week 22,14
Pitkin County,week 23,14
Pitkin County,week 24,14
Pitkin County,week 25,14
Pitkin County,week 26,14
Pitkin County,week 27,14
Pitkin County,week 28,14
Pitkin County,week 29,14
Pitkin County,week 30,14
Pitkin County,week 31,14
Pitkin County,week 32,14
Pitkin County,week 33,14
Pitkin County,week 34,14
Pitkin County,week 35,2
Prowers County,week 1,0
Prowers County,week 2,0
Prowers County,week 3,0
Prowers County,week 4,0
Prowers County,week 5,0
Prowers County,week 6,0
Prowers County,week 7,0
Prowers County,week 8,0
Prowers County,week 9,0
Prowers County,week 10,0
Prowers County,week 11,0
Prowers County,week 12,0
Prowers County,week 13,0
Prowers County,week 14,0
Prowers County,week 15,0
Prowers County,week 16,0
Prowers County,week 17,0
Prowers County,week 18,0
Prowers County,week 19,0
Prowers County,week 20,0
Prowers County,week 21,0
Prowers County,week 22,0
Prowers County,week 23,0
Prowers County,week 24,0
Prowers County,week 25,0
Prowers County,week 26,0
Prowers County,week 27,0
Prowers County,week 28,0
Prowers County,week 29,0
Prowers County,week 30,0
Prowers County,week 31,0
Prowers County,week 32,0
Prowers County,week 33,0
Prowers County,week 34,0
Prowers County,week 35,0
Pueblo County,week 1,0
Pueblo County,week 2,0
Pueblo County,week 3,0
Pueblo County,week 4,0
Pueblo County,week 5,0
Pueblo County,week 6,0
Pueblo County,week 7,0
Pueblo County,week 8,0
Pueblo County,week 9,0
Pueblo County,week 10,7
Pueblo County,week 11,14
Pueblo County,week 12,19
Pueblo County,week 13,40
Pueblo County,week 14,59
Pueblo County,week 15,72
Pueblo County,week 16,83
Pueblo County,week 17,92
Pueblo County,week 18,98
Pueblo County,week 19,114
Pueblo County,week 20,127
Pueblo County,week 21,150
Pueblo County,week 22,165
Pueblo County,week 23,192
Pueblo County,week 24,210
Pueblo County,week 25,216
Pueblo County,week 26,225
Pueblo County,week 27,233
Pueblo County,week 28,238
Pueblo County,week 29,238
Pueblo County,week 30,238
Pueblo County,week 31,238
Pueblo County,week 32,238
Pueblo County,week 33,238
Pueblo County,week 34,238
Pueblo County,week 35,34
Rio Blanco County,week 1,0
Rio Blanco County,week 2,0
Rio Blanco County,week 3,0
Rio Blanco County,week 4,0
Rio Blanco County,week 5,0
Rio Blanco County,week 6,0
Rio Blanco County,week 7,0
Rio Blanco County,week 8,0
Rio Blanco County,week 9,0
Rio Blanco County,week 10,0
Rio Blanco County,week 11,0
Rio Blanco County,week 12,0
Rio Blanco County,week 13,0
Rio Blanco County,week 14,0
Rio Blanco County,week 15,0
Rio Blanco County,week 16,0
Rio Blanco County,week 17,0
Rio Blanco County,week 18,0
Rio Blanco County,week 19,0
Rio Blanco County,week 20,0
Rio Blanco County,week 21,0
Rio Blanco County,week 22,0
Rio Blanco County,week 23,0
Rio Blanco County,week 24,0
Rio Blanco County,week 25,0
Rio Blanco County,week 26,0
Rio Blanco County,week 27,0
Rio Blanco County,week 28,0
Rio Blanco County,week 29,0
Rio Blanco County,week 30,0
Rio Blanco County,week 31,0
Rio Blanco County,week 32,0
Rio Blanco County,week 33,0
Rio Blanco County,week 34,0
Rio Blanco County,week 35,0
Rio Grande County,week 1,0
Rio Grande County,week 2,0
Rio Grande County,week 3,0
Rio Grande County,week 4,0
Rio Grande County,week 5,0
Rio Grande County,week 6,0
Rio Grande County,week 7,0
Rio Grande County,week 8,0
Rio Grande County,week 9,0
Rio Grande County,week 10,0
Rio Grande County,week 11,0
Rio Grande County,week 12,0
Rio Grande County,week 13,0
Rio Grande County,week 14,0
Rio Grande County,week 15,0
Rio Grande County,week 16,0
Rio Grande County,week 17,0
Rio Grande County,week 18,0
Rio Grande County,week 19,0
Rio Grande County,week 20,0
Rio Grande County,week 21,0
Rio Grande County,week 22,4
Rio Grande County,week 23,13
Rio Grande County,week 24,14
Rio Grande County,week 25,14
Rio Grande County,week 26,14
Rio Grande County,week 27,14
Rio Grande County,week 28,14
Rio Grande County,week 29,14
Rio Grande County,week 30,14
Rio Grande County,week 31,14
Rio Grande County,week 32,14
Rio Grande County,week 33,14
Rio Grande County,week 34,14
Rio Grande County,week 35,2
Routt County,week 1,0
Routt County,week 2,0
Routt County,week 3,0
Routt County,week 4,0
Routt County,week 5,0
Routt County,week 6,0
Routt County,week 7,0
Routt County,week 8,0
Routt County,week 9,0
Routt County,week 10,0
Routt County,week 11,0
Routt County,week 12,0
Routt County,week 13,11
Routt County,week 14,24
Routt County,week 15,35
Routt County,week 16,42
Routt County,week 17,42
Routt County,week 18,42
Routt County,week 19,42
Routt County,week 20,42
Routt County,week 21,42
Routt County,week 22,42
Routt County,week 23,42
Routt County,week 24,42
Routt County,week 25,42
Routt County,week 26,42
Routt County,week 27,42
Routt County,week 28,42
Routt County,week 29,49
Routt County,week 30,56
Routt County,week 31,56
Routt County,week 32,56
Routt County,week 33,56
Routt County,week 34,56
Routt County,week 35,8
Saguache County,week 1,0
Saguache County,week 2,0
Saguache County,week 3,0
Saguache County,week 4,0
Saguache County,week 5,0
Saguache County,week 6,0
Saguache County,week 7,0
Saguache County,week 8,0
Saguache County,week 9,0
Saguache County,week 10,0
Saguache County,week 11,0
Saguache County,week 12,0
Saguache County,week 13,0
Saguache County,week 14,0
Saguache County,week 15,0
Saguache County,week 16,0
Saguache County,week 17,0
Saguache County,week 18,0
Saguache County,week 19,7
Saguache County,week 20,9
Saguache County,week 21,14
Saguache County,week 22,14
Saguache County,week 23,14
Saguache County,week 24,14
Saguache County,week 25,14
Saguache County,week 26,14
Saguache County,week 27,14
Saguache County,week 28,14
Saguache County,week 29,14
Saguache County,week 30,14
Saguache County,week 31,14
Saguache County,week 32,14
Saguache County,week 33,14
Saguache County,week 34,14
Saguache County,week 35,2
San Juan County,week 1,0
San Juan County,week 2,0
San Juan County,week 3,0
San Juan County,week 4,0
San Juan County,week 5,0
San Juan County,week 6,0
San Juan County,week 7,0
San Juan County,week 8,0
San Juan County,week 9,0
San Juan County,week 10,0
San Juan County,week 11,0
San Juan County,week 12,0
San Juan County,week 13,0
San Juan County,week 14,0
San Juan County,week 15,0
San Juan County,week 16,0
San Juan County,week 17,0
San Juan County,week 18,0
San Juan County,week 19,0
San Juan County,week 20,0
San Juan County,week 21,0
San Juan County,week 22,0
San Juan County,week 23,0
San Juan County,week 24,0
San Juan County,week 25,0
San Juan County,week 26,0
San Juan County,week 27,0
San Juan County,week 28,0
San Juan County,week 29,0
San Juan County,week 30,0
San Juan County,week 31,0
San Juan County,week 32,0
San Juan County,week 33,0
San Juan County,week 34,0
San Juan County,week 35,0
San Miguel County,week 1,0
San Miguel County,week 2,0
San Miguel County,week 3,0
San Miguel County,week 4,0
San Miguel County,week 5,0
San Miguel County,week 6,0
San Miguel County,week 7,0
San Miguel County,week 8,0
San Miguel County,week 9,0
San Miguel County,week 10,0
San Miguel County,week 11,0
San Miguel County,week 12,0
San Miguel County,week 13,0
San Miguel County,week 14,0
San Miguel County,week 15,0
San Miguel County,week 16,0
San Miguel County,week 17,0
San Miguel County,week 18,0
San Miguel County,week 19,0
San Miguel County,week 20,0
San Miguel County,week 21,0
San Miguel County,week 22,0
San Miguel County,week 23,0
San Miguel County,week 24,0
San Miguel County,week 25,0
San Miguel County,week 26,0
San Miguel County,week 27,0
San Miguel County,week 28,0
San Miguel County,week 29,0
San Miguel County,week 30,0
San Miguel County,week 31,0
San Miguel County,week 32,0
San Miguel County,week 33,0
San Miguel County,week 34,0
San Miguel County,week 35,0
Sedgwick County,week 1,0
Sedgwick County,week 2,0
Sedgwick County,week 3,0
Sedgwick County,week 4,0
Sedgwick County,week 5,0
Sedgwick County,week 6,0
Sedgwick County,week 7,0
Sedgwick County,week 8,0
Sedgwick County,week 9,0
Sedgwick County,week 10,0
Sedgwick County,week 11,0
Sedgwick County,week 12,0
Sedgwick County,week 13,0
Sedgwick County,week 14,0
Sedgwick County,week 15,0
Sedgwick County,week 16,0
Sedgwick County,week 17,0
Sedgwick County,week 18,0
Sedgwick County,week 19,0
Sedgwick County,week 20,0
Sedgwick County,week 21,0
Sedgwick County,week 22,0
Sedgwick County,week 23,0
Sedgwick County,week 24,0
Sedgwick County,week 25,0
Sedgwick County,week 26,0
Sedgwick County,week 27,0
Sedgwick County,week 28,7
Sedgwick County,week 29,7
Sedgwick County,week 30,7
Sedgwick County,week 31,7
Sedgwick County,week 32,7
Sedgwick County,week 33,7
Sedgwick County,week 34,7
Sedgwick County,week 35,1
Summit County,week 1,0
Summit County,week 2,0
Summit County,week 3,0
Summit County,week 4,0
Summit County,week 5,0
Summit County,week 6,0
Summit County,week 7,0
Summit County,week 8,0
Summit County,week 9,0
Summit County,week 10,0
Summit County,week 11,0
Summit County,week 12,3
Summit County,week 13,7
Summit County,week 14,7
Summit County,week 15,7
Summit County,week 16,7
Summit County,week 17,8
Summit County,week 18,14
Summit County,week 19,14
Summit County,week 20,14
Summit County,week 21,15
Summit County,week 22,21
Summit County,week 23,21
Summit County,week 24,26
Summit County,week 25,28
Summit County,week 26,28
Summit County,week 27,28
Summit County,week 28,28
Summit County,week 29,28
Summit County,week 30,28
Summit County,week 31,28
Summit County,week 32,28
Summit County,week 33,28
Summit County,week 34,28
Summit County,week 35,4
Teller County,week 1,0
Teller County,week 2,0
Teller County,week 3,0
Teller County,week 4,0
Teller County,week 5,0
Teller County,week 6,0
Teller County,week 7,0
Teller County,week 8,0
Teller County,week 9,0
Teller County,week 10,7
Teller County,week 11,7
Teller County,week 12,12
Teller County,week 13,14
Teller County,week 14,14
Teller County,week 15,14
Teller County,week 16,14
Teller County,week 17,14
Teller County,week 18,14
Teller County,week 19,14
Teller County,week 20,14
Teller County,week 21,14
Teller County,week 22,14
Teller County,week 23,14
Teller County,week 24,14
Teller County,week 25,14
Teller County,week 26,14
Teller County,week 27,14
Teller County,week 28,19
Teller County,week 29,21
Teller County,week 30,21
Teller County,week 31,21
Teller County,week 32,21
Teller County,week 33,28
Teller County,week 34,28
Teller County,week 35,4
Washington County,week 1,0
Washington County,week 2,0
Washington County,week 3,0
Washington County,week 4,0
Washington County,week 5,0
Washington County,week 6,0
Washington County,week 7,0
Washington County,week 8,0
Washington County,week 9,0
Washington County,week 10,0
Washington County,week 11,0
Washington County,week 12,0
Washington County,week 13,0
Washington County,week 14,0
Washington County,week 15,0
Washington County,week 16,0
Washington County,week 17,0
Washington County,week 18,0
Washington County,week 19,0
Washington County,week 20,0
Washington County,week 21,0
Washington County,week 22,0
Washington County,week 23,0
Washington County,week 24,0
Washington County,week 25,0
Washington County,week 26,0
Washington County,week 27,0
Washington County,week 28,0
Washington County,week 29,0
Washington County,week 30,0
Washington County,week 31,0
Washington County,week 32,0
Washington County,week 33,0
Washington County,week 34,0
Washington County,week 35,0
Weld County,week 1,0
Weld County,week 2,0
Weld County,week 3,0
Weld County,week 4,0
Weld County,week 5,0
Weld County,week 6,0
Weld County,week 7,0
Weld County,week 8,1
Weld County,week 9,10
Weld County,week 10,52
Weld County,week 11,144
Weld County,week 12,301
Weld County,week 13,440
Weld County,week 14,549
Weld County,week 15,697
Weld County,week 16,792
Weld County,week 17,853
Weld County,week 18,871
Weld County,week 19,913
Weld County,week 20,941
Weld County,week 21,951
Weld County,week 22,952
Weld County,week 23,954
Weld County,week 24,960
Weld County,week 25,966
Weld County,week 26,972
Weld County,week 27,973
Weld County,week 28,988
Weld County,week 29,1002
Weld County,week 30,1015
Weld County,week 31,1019
Weld County,week 32,1022
Weld County,week 33,1030
Weld County,week 34,1043
Weld County,week 35,149
Yuma County,week 1,0
Yuma County,week 2,0
Yuma County,week 3,0
Yuma County,week 4,0
Yuma County,week 5,0
Yuma County,week 6,0
Yuma County,week 7,0
Yuma County,week 8,0
Yuma County,week 9,0
Yuma County,week 10,0
Yuma County,week 11,0
Yuma County,week 12,0
Yuma County,week 13,0
Yuma County,week 14,0
Yuma County,week 15,0
Yuma County,week 16,0
Yuma County,week 17,0
Yuma County,week 18,0
Yuma County,week 19,0
Yuma County,week 20,0
Yuma County,week 21,0
Yuma County,week 22,0
Yuma County,week 23,0
Yuma County,week 24,0
Yuma County,week 25,0
Yuma County,week 26,0
Yuma County,week 27,0
Yuma County,week 28,0
Yuma County,week 29,0
Yuma County,week 30,0
Yuma County,week 31,0
Yuma County,week 32,0
Yuma County,week 33,0
Yuma County,week 34,0
Yuma County,week 35,0
