,,cases
Alachua County,week 1,0
Alachua County,week 2,0
Alachua County,week 3,0
Alachua County,week 4,0
Alachua County,week 5,0
Alachua County,week 6,0
Alachua County,week 7,1
Alachua County,week 8,5
Alachua County,week 9,31
Alachua County,week 10,50
Alachua County,week 11,52
Alachua County,week 12,56
Alachua County,week 13,29
Alachua County,week 14,31
Alachua County,week 15,34
Alachua County,week 16,35
Alachua County,week 17,15
Alachua County,week 18,31
Alachua County,week 19,12
Alachua County,week 20,22
Alachua County,week 21,160
Alachua County,week 22,196
Alachua County,week 23,437
Alachua County,week 24,504
Alachua County,week 25,557
Alachua County,week 26,479
Alachua County,week 27,560
Alachua County,week 28,511
Alachua County,week 29,438
Alachua County,week 30,467
Alachua County,week 31,310
Alachua County,week 32,228
Alachua County,week 33,471
Alachua County,week 34,935
Alachua County,week 35,157
Baker County,week 1,0
Baker County,week 2,0
Baker County,week 3,0
Baker County,week 4,0
Baker County,week 5,0
Baker County,week 6,0
Baker County,week 7,0
Baker County,week 8,0
Baker County,week 9,4
Baker County,week 10,5
Baker County,week 11,6
Baker County,week 12,2
Baker County,week 13,0
Baker County,week 14,3
Baker County,week 15,2
Baker County,week 16,3
Baker County,week 17,1
Baker County,week 18,1
Baker County,week 19,2
Baker County,week 20,0
Baker County,week 21,5
Baker County,week 22,8
Baker County,week 23,21
Baker County,week 24,47
Baker County,week 25,70
Baker County,week 26,65
Baker County,week 27,77
Baker County,week 28,101
Baker County,week 29,541
Baker County,week 30,122
Baker County,week 31,32
Baker County,week 32,46
Baker County,week 33,109
Baker County,week 34,68
Baker County,week 35,12
Bay County,week 1,0
Bay County,week 2,0
Bay County,week 3,0
Bay County,week 4,0
Bay County,week 5,0
Bay County,week 6,0
Bay County,week 7,0
Bay County,week 8,0
Bay County,week 9,1
Bay County,week 10,7
Bay County,week 11,17
Bay County,week 12,13
Bay County,week 13,20
Bay County,week 14,12
Bay County,week 15,6
Bay County,week 16,1
Bay County,week 17,9
Bay County,week 18,11
Bay County,week 19,2
Bay County,week 20,34
Bay County,week 21,24
Bay County,week 22,73
Bay County,week 23,154
Bay County,week 24,434
Bay County,week 25,612
Bay County,week 26,765
Bay County,week 27,951
Bay County,week 28,775
Bay County,week 29,602
Bay County,week 30,363
Bay County,week 31,309
Bay County,week 32,204
Bay County,week 33,135
Bay County,week 34,185
Bay County,week 35,13
Bradford County,week 1,0
Bradford County,week 2,0
Bradford County,week 3,0
Bradford County,week 4,0
Bradford County,week 5,0
Bradford County,week 6,0
Bradford County,week 7,0
Bradford County,week 8,0
Bradford County,week 9,1
Bradford County,week 10,1
Bradford County,week 11,9
Bradford County,week 12,20
Bradford County,week 13,11
Bradford County,week 14,2
Bradford County,week 15,4
Bradford County,week 16,0
Bradford County,week 17,1
Bradford County,week 18,2
Bradford County,week 19,0
Bradford County,week 20,1
Bradford County,week 21,1
Bradford County,week 22,11
Bradford County,week 23,19
Bradford County,week 24,19
Bradford County,week 25,43
Bradford County,week 26,53
Bradford County,week 27,42
Bradford County,week 28,101
Bradford County,week 29,178
Bradford County,week 30,62
Bradford County,week 31,82
Bradford County,week 32,90
Bradford County,week 33,108
Bradford County,week 34,84
Bradford County,week 35,18
Brevard County,week 1,0
Brevard County,week 2,0
Brevard County,week 3,0
Brevard County,week 4,0
Brevard County,week 5,0
Brevard County,week 6,0
Brevard County,week 7,0
Brevard County,week 8,1
Brevard County,week 9,8
Brevard County,week 10,28
Brevard County,week 11,61
Brevard County,week 12,65
Brevard County,week 13,61
Brevard County,week 14,44
Brevard County,week 15,51
Brevard County,week 16,17
Brevard County,week 17,35
Brevard County,week 18,28
Brevard County,week 19,28
Brevard County,week 20,44
Brevard County,week 21,137
Brevard County,week 22,310
Brevard County,week 23,875
Brevard County,week 24,912
Brevard County,week 25,927
Brevard County,week 26,781
Brevard County,week 27,742
Brevard County,week 28,516
Brevard County,week 29,519
Brevard County,week 30,424
Brevard County,week 31,358
Brevard County,week 32,406
Brevard County,week 33,311
Brevard County,week 34,361
Brevard County,week 35,47
Broward County,week 1,0
Broward County,week 2,0
Broward County,week 3,0
Broward County,week 4,0
Broward County,week 5,0
Broward County,week 6,0
Broward County,week 7,4
Broward County,week 8,51
Broward County,week 9,256
Broward County,week 10,908
Broward County,week 11,1011
Broward County,week 12,1031
Broward County,week 13,907
Broward County,week 14,679
Broward County,week 15,645
Broward County,week 16,481
Broward County,week 17,396
Broward County,week 18,430
Broward County,week 19,449
Broward County,week 20,787
Broward County,week 21,1463
Broward County,week 22,2246
Broward County,week 23,3880
Broward County,week 24,6971
Broward County,week 25,10219
Broward County,week 26,9763
Broward County,week 27,9080
Broward County,week 28,7296
Broward County,week 29,4652
Broward County,week 30,3588
Broward County,week 31,2391
Broward County,week 32,2661
Broward County,week 33,1311
Broward County,week 34,1133
Broward County,week 35,143
Calhoun County,week 1,0
Calhoun County,week 2,0
Calhoun County,week 3,0
Calhoun County,week 4,0
Calhoun County,week 5,0
Calhoun County,week 6,0
Calhoun County,week 7,0
Calhoun County,week 8,0
Calhoun County,week 9,0
Calhoun County,week 10,1
Calhoun County,week 11,2
Calhoun County,week 12,2
Calhoun County,week 13,1
Calhoun County,week 14,0
Calhoun County,week 15,9
Calhoun County,week 16,12
Calhoun County,week 17,13
Calhoun County,week 18,12
Calhoun County,week 19,10
Calhoun County,week 20,2
Calhoun County,week 21,1
Calhoun County,week 22,5
Calhoun County,week 23,6
Calhoun County,week 24,25
Calhoun County,week 25,71
Calhoun County,week 26,57
Calhoun County,week 27,36
Calhoun County,week 28,68
Calhoun County,week 29,148
Calhoun County,week 30,25
Calhoun County,week 31,40
Calhoun County,week 32,25
Calhoun County,week 33,15
Calhoun County,week 34,16
Calhoun County,week 35,0
Charlotte County,week 1,0
Charlotte County,week 2,0
Charlotte County,week 3,0
Charlotte County,week 4,0
Charlotte County,week 5,0
Charlotte County,week 6,0
Charlotte County,week 7,1
Charlotte County,week 8,0
Charlotte County,week 9,2
Charlotte County,week 10,21
Charlotte County,week 11,43
Charlotte County,week 12,56
Charlotte County,week 13,20
Charlotte County,week 14,76
Charlotte County,week 15,50
Charlotte County,week 16,78
Charlotte County,week 17,45
Charlotte County,week 18,38
Charlotte County,week 19,33
Charlotte County,week 20,38
Charlotte County,week 21,42
Charlotte County,week 22,62
Charlotte County,week 23,170
Charlotte County,week 24,169
Charlotte County,week 25,268
Charlotte County,week 26,288
Charlotte County,week 27,284
Charlotte County,week 28,292
Charlotte County,week 29,205
Charlotte County,week 30,113
Charlotte County,week 31,175
Charlotte County,week 32,144
Charlotte County,week 33,108
Charlotte County,week 34,60
Charlotte County,week 35,14
Citrus County,week 1,0
Citrus County,week 2,0
Citrus County,week 3,0
Citrus County,week 4,0
Citrus County,week 5,0
Citrus County,week 6,0
Citrus County,week 7,0
Citrus County,week 8,2
Citrus County,week 9,7
Citrus County,week 10,10
Citrus County,week 11,32
Citrus County,week 12,23
Citrus County,week 13,18
Citrus County,week 14,5
Citrus County,week 15,3
Citrus County,week 16,7
Citrus County,week 17,7
Citrus County,week 18,5
Citrus County,week 19,3
Citrus County,week 20,6
Citrus County,week 21,24
Citrus County,week 22,52
Citrus County,week 23,87
Citrus County,week 24,128
Citrus County,week 25,199
Citrus County,week 26,256
Citrus County,week 27,249
Citrus County,week 28,199
Citrus County,week 29,272
Citrus County,week 30,229
Citrus County,week 31,157
Citrus County,week 32,144
Citrus County,week 33,215
Citrus County,week 34,154
Citrus County,week 35,15
Clay County,week 1,0
Clay County,week 2,0
Clay County,week 3,0
Clay County,week 4,0
Clay County,week 5,0
Clay County,week 6,0
Clay County,week 7,1
Clay County,week 8,3
Clay County,week 9,6
Clay County,week 10,31
Clay County,week 11,47
Clay County,week 12,80
Clay County,week 13,88
Clay County,week 14,16
Clay County,week 15,15
Clay County,week 16,16
Clay County,week 17,18
Clay County,week 18,44
Clay County,week 19,22
Clay County,week 20,24
Clay County,week 21,32
Clay County,week 22,68
Clay County,week 23,202
Clay County,week 24,361
Clay County,week 25,528
Clay County,week 26,595
Clay County,week 27,418
Clay County,week 28,369
Clay County,week 29,343
Clay County,week 30,185
Clay County,week 31,222
Clay County,week 32,393
Clay County,week 33,155
Clay County,week 34,325
Clay County,week 35,22
Collier County,week 1,0
Collier County,week 2,0
Collier County,week 3,0
Collier County,week 4,0
Collier County,week 5,0
Collier County,week 6,0
Collier County,week 7,3
Collier County,week 8,4
Collier County,week 9,34
Collier County,week 10,105
Collier County,week 11,125
Collier County,week 12,109
Collier County,week 13,97
Collier County,week 14,91
Collier County,week 15,88
Collier County,week 16,187
Collier County,week 17,187
Collier County,week 18,275
Collier County,week 19,300
Collier County,week 20,523
Collier County,week 21,601
Collier County,week 22,646
Collier County,week 23,850
Collier County,week 24,976
Collier County,week 25,1530
Collier County,week 26,1345
Collier County,week 27,993
Collier County,week 28,828
Collier County,week 29,590
Collier County,week 30,490
Collier County,week 31,374
Collier County,week 32,445
Collier County,week 33,253
Collier County,week 34,205
Collier County,week 35,18
Columbia County,week 1,0
Columbia County,week 2,0
Columbia County,week 3,0
Columbia County,week 4,0
Columbia County,week 5,0
Columbia County,week 6,0
Columbia County,week 7,0
Columbia County,week 8,0
Columbia County,week 9,3
Columbia County,week 10,0
Columbia County,week 11,13
Columbia County,week 12,12
Columbia County,week 13,15
Columbia County,week 14,12
Columbia County,week 15,41
Columbia County,week 16,9
Columbia County,week 17,8
Columbia County,week 18,19
Columbia County,week 19,15
Columbia County,week 20,27
Columbia County,week 21,13
Columbia County,week 22,46
Columbia County,week 23,54
Columbia County,week 24,90
Columbia County,week 25,247
Columbia County,week 26,832
Columbia County,week 27,829
Columbia County,week 28,352
Columbia County,week 29,280
Columbia County,week 30,154
Columbia County,week 31,178
Columbia County,week 32,130
Columbia County,week 33,76
Columbia County,week 34,104
Columbia County,week 35,18
DeSoto County,week 1,0
DeSoto County,week 2,0
DeSoto County,week 3,0
DeSoto County,week 4,0
DeSoto County,week 5,0
DeSoto County,week 6,0
DeSoto County,week 7,0
DeSoto County,week 8,0
DeSoto County,week 9,1
DeSoto County,week 10,6
DeSoto County,week 11,9
DeSoto County,week 12,6
DeSoto County,week 13,2
DeSoto County,week 14,2
DeSoto County,week 15,14
DeSoto County,week 16,12
DeSoto County,week 17,17
DeSoto County,week 18,52
DeSoto County,week 19,76
DeSoto County,week 20,99
DeSoto County,week 21,106
DeSoto County,week 22,85
DeSoto County,week 23,117
DeSoto County,week 24,156
DeSoto County,week 25,191
DeSoto County,week 26,148
DeSoto County,week 27,128
DeSoto County,week 28,81
DeSoto County,week 29,69
DeSoto County,week 30,47
DeSoto County,week 31,30
DeSoto County,week 32,39
DeSoto County,week 33,33
DeSoto County,week 34,13
DeSoto County,week 35,1
Dixie County,week 1,0
Dixie County,week 2,0
Dixie County,week 3,0
Dixie County,week 4,0
Dixie County,week 5,0
Dixie County,week 6,0
Dixie County,week 7,0
Dixie County,week 8,0
Dixie County,week 9,0
Dixie County,week 10,0
Dixie County,week 11,1
Dixie County,week 12,1
Dixie County,week 13,2
Dixie County,week 14,2
Dixie County,week 15,4
Dixie County,week 16,4
Dixie County,week 17,12
Dixie County,week 18,18
Dixie County,week 19,10
Dixie County,week 20,6
Dixie County,week 21,0
Dixie County,week 22,2
Dixie County,week 23,6
Dixie County,week 24,16
Dixie County,week 25,41
Dixie County,week 26,74
Dixie County,week 27,39
Dixie County,week 28,46
Dixie County,week 29,278
Dixie County,week 30,47
Dixie County,week 31,68
Dixie County,week 32,58
Dixie County,week 33,38
Dixie County,week 34,26
Dixie County,week 35,5
Duval County,week 1,0
Duval County,week 2,0
Duval County,week 3,0
Duval County,week 4,0
Duval County,week 5,0
Duval County,week 6,0
Duval County,week 7,1
Duval County,week 8,9
Duval County,week 9,40
Duval County,week 10,157
Duval County,week 11,314
Duval County,week 12,197
Duval County,week 13,191
Duval County,week 14,92
Duval County,week 15,76
Duval County,week 16,109
Duval County,week 17,132
Duval County,week 18,166
Duval County,week 19,176
Duval County,week 20,164
Duval County,week 21,288
Duval County,week 22,1090
Duval County,week 23,3005
Duval County,week 24,3628
Duval County,week 25,3889
Duval County,week 26,3820
Duval County,week 27,2594
Duval County,week 28,1896
Duval County,week 29,1707
Duval County,week 30,1095
Duval County,week 31,896
Duval County,week 32,951
Duval County,week 33,1119
Duval County,week 34,830
Duval County,week 35,124
Escambia County,week 1,0
Escambia County,week 2,0
Escambia County,week 3,0
Escambia County,week 4,0
Escambia County,week 5,0
Escambia County,week 6,0
Escambia County,week 7,0
Escambia County,week 8,1
Escambia County,week 9,9
Escambia County,week 10,84
Escambia County,week 11,74
Escambia County,week 12,79
Escambia County,week 13,93
Escambia County,week 14,145
Escambia County,week 15,113
Escambia County,week 16,61
Escambia County,week 17,60
Escambia County,week 18,50
Escambia County,week 19,75
Escambia County,week 20,63
Escambia County,week 21,113
Escambia County,week 22,224
Escambia County,week 23,708
Escambia County,week 24,1107
Escambia County,week 25,1424
Escambia County,week 26,1591
Escambia County,week 27,1176
Escambia County,week 28,1012
Escambia County,week 29,1545
Escambia County,week 30,598
Escambia County,week 31,466
Escambia County,week 32,385
Escambia County,week 33,319
Escambia County,week 34,369
Escambia County,week 35,29
Flagler County,week 1,0
Flagler County,week 2,0
Flagler County,week 3,0
Flagler County,week 4,0
Flagler County,week 5,0
Flagler County,week 6,0
Flagler County,week 7,0
Flagler County,week 8,0
Flagler County,week 9,4
Flagler County,week 10,14
Flagler County,week 11,17
Flagler County,week 12,10
Flagler County,week 13,33
Flagler County,week 14,53
Flagler County,week 15,10
Flagler County,week 16,6
Flagler County,week 17,20
Flagler County,week 18,10
Flagler County,week 19,13
Flagler County,week 20,5
Flagler County,week 21,13
Flagler County,week 22,36
Flagler County,week 23,66
Flagler County,week 24,100
Flagler County,week 25,119
Flagler County,week 26,154
Flagler County,week 27,155
Flagler County,week 28,123
Flagler County,week 29,134
Flagler County,week 30,75
Flagler County,week 31,96
Flagler County,week 32,57
Flagler County,week 33,141
Flagler County,week 34,125
Flagler County,week 35,8
Franklin County,week 1,0
Franklin County,week 2,0
Franklin County,week 3,0
Franklin County,week 4,0
Franklin County,week 5,0
Franklin County,week 6,0
Franklin County,week 7,0
Franklin County,week 8,0
Franklin County,week 9,0
Franklin County,week 10,0
Franklin County,week 11,2
Franklin County,week 12,0
Franklin County,week 13,0
Franklin County,week 14,0
Franklin County,week 15,0
Franklin County,week 16,0
Franklin County,week 17,0
Franklin County,week 18,0
Franklin County,week 19,0
Franklin County,week 20,0
Franklin County,week 21,0
Franklin County,week 22,2
Franklin County,week 23,2
Franklin County,week 24,9
Franklin County,week 25,30
Franklin County,week 26,35
Franklin County,week 27,15
Franklin County,week 28,94
Franklin County,week 29,244
Franklin County,week 30,46
Franklin County,week 31,41
Franklin County,week 32,29
Franklin County,week 33,20
Franklin County,week 34,13
Franklin County,week 35,2
Gadsden County,week 1,0
Gadsden County,week 2,0
Gadsden County,week 3,0
Gadsden County,week 4,0
Gadsden County,week 5,0
Gadsden County,week 6,0
Gadsden County,week 7,0
Gadsden County,week 8,0
Gadsden County,week 9,1
Gadsden County,week 10,0
Gadsden County,week 11,5
Gadsden County,week 12,32
Gadsden County,week 13,19
Gadsden County,week 14,37
Gadsden County,week 15,21
Gadsden County,week 16,22
Gadsden County,week 17,105
Gadsden County,week 18,24
Gadsden County,week 19,12
Gadsden County,week 20,18
Gadsden County,week 21,13
Gadsden County,week 22,20
Gadsden County,week 23,50
Gadsden County,week 24,95
Gadsden County,week 25,150
Gadsden County,week 26,288
Gadsden County,week 27,312
Gadsden County,week 28,376
Gadsden County,week 29,328
Gadsden County,week 30,132
Gadsden County,week 31,151
Gadsden County,week 32,150
Gadsden County,week 33,179
Gadsden County,week 34,86
Gadsden County,week 35,6
Gilchrist County,week 1,0
Gilchrist County,week 2,0
Gilchrist County,week 3,0
Gilchrist County,week 4,0
Gilchrist County,week 5,0
Gilchrist County,week 6,0
Gilchrist County,week 7,0
Gilchrist County,week 8,0
Gilchrist County,week 9,0
Gilchrist County,week 10,0
Gilchrist County,week 11,1
Gilchrist County,week 12,3
Gilchrist County,week 13,0
Gilchrist County,week 14,0
Gilchrist County,week 15,2
Gilchrist County,week 16,0
Gilchrist County,week 17,2
Gilchrist County,week 18,4
Gilchrist County,week 19,3
Gilchrist County,week 20,4
Gilchrist County,week 21,54
Gilchrist County,week 22,13
Gilchrist County,week 23,11
Gilchrist County,week 24,25
Gilchrist County,week 25,34
Gilchrist County,week 26,110
Gilchrist County,week 27,39
Gilchrist County,week 28,25
Gilchrist County,week 29,39
Gilchrist County,week 30,47
Gilchrist County,week 31,26
Gilchrist County,week 32,26
Gilchrist County,week 33,13
Gilchrist County,week 34,9
Gilchrist County,week 35,1
Glades County,week 1,0
Glades County,week 2,0
Glades County,week 3,0
Glades County,week 4,0
Glades County,week 5,0
Glades County,week 6,0
Glades County,week 7,0
Glades County,week 8,0
Glades County,week 9,0
Glades County,week 10,3
Glades County,week 11,1
Glades County,week 12,1
Glades County,week 13,0
Glades County,week 14,0
Glades County,week 15,1
Glades County,week 16,2
Glades County,week 17,5
Glades County,week 18,11
Glades County,week 19,37
Glades County,week 20,25
Glades County,week 21,32
Glades County,week 22,24
Glades County,week 23,22
Glades County,week 24,24
Glades County,week 25,21
Glades County,week 26,78
Glades County,week 27,102
Glades County,week 28,3
Glades County,week 29,14
Glades County,week 30,17
Glades County,week 31,25
Glades County,week 32,10
Glades County,week 33,6
Glades County,week 34,12
Glades County,week 35,6
Gulf County,week 1,0
Gulf County,week 2,0
Gulf County,week 3,0
Gulf County,week 4,0
Gulf County,week 5,0
Gulf County,week 6,0
Gulf County,week 7,0
Gulf County,week 8,0
Gulf County,week 9,0
Gulf County,week 10,0
Gulf County,week 11,1
Gulf County,week 12,0
Gulf County,week 13,0
Gulf County,week 14,0
Gulf County,week 15,0
Gulf County,week 16,0
Gulf County,week 17,0
Gulf County,week 18,0
Gulf County,week 19,1
Gulf County,week 20,5
Gulf County,week 21,4
Gulf County,week 22,2
Gulf County,week 23,10
Gulf County,week 24,34
Gulf County,week 25,44
Gulf County,week 26,91
Gulf County,week 27,73
Gulf County,week 28,150
Gulf County,week 29,270
Gulf County,week 30,75
Gulf County,week 31,41
Gulf County,week 32,26
Gulf County,week 33,19
Gulf County,week 34,16
Gulf County,week 35,1
Hamilton County,week 1,0
Hamilton County,week 2,0
Hamilton County,week 3,0
Hamilton County,week 4,0
Hamilton County,week 5,0
Hamilton County,week 6,0
Hamilton County,week 7,0
Hamilton County,week 8,0
Hamilton County,week 9,0
Hamilton County,week 10,0
Hamilton County,week 11,1
Hamilton County,week 12,1
Hamilton County,week 13,2
Hamilton County,week 14,2
Hamilton County,week 15,1
Hamilton County,week 16,12
Hamilton County,week 17,128
Hamilton County,week 18,59
Hamilton County,week 19,33
Hamilton County,week 20,24
Hamilton County,week 21,14
Hamilton County,week 22,27
Hamilton County,week 23,30
Hamilton County,week 24,58
Hamilton County,week 25,47
Hamilton County,week 26,80
Hamilton County,week 27,46
Hamilton County,week 28,27
Hamilton County,week 29,31
Hamilton County,week 30,17
Hamilton County,week 31,37
Hamilton County,week 32,26
Hamilton County,week 33,25
Hamilton County,week 34,57
Hamilton County,week 35,9
Hardee County,week 1,0
Hardee County,week 2,0
Hardee County,week 3,0
Hardee County,week 4,0
Hardee County,week 5,0
Hardee County,week 6,0
Hardee County,week 7,0
Hardee County,week 8,0
Hardee County,week 9,0
Hardee County,week 10,0
Hardee County,week 11,2
Hardee County,week 12,1
Hardee County,week 13,1
Hardee County,week 14,10
Hardee County,week 15,20
Hardee County,week 16,2
Hardee County,week 17,8
Hardee County,week 18,43
Hardee County,week 19,18
Hardee County,week 20,48
Hardee County,week 21,60
Hardee County,week 22,105
Hardee County,week 23,112
Hardee County,week 24,87
Hardee County,week 25,96
Hardee County,week 26,104
Hardee County,week 27,88
Hardee County,week 28,52
Hardee County,week 29,129
Hardee County,week 30,33
Hardee County,week 31,47
Hardee County,week 32,38
Hardee County,week 33,73
Hardee County,week 34,65
Hardee County,week 35,10
Hendry County,week 1,0
Hendry County,week 2,0
Hendry County,week 3,0
Hendry County,week 4,0
Hendry County,week 5,0
Hendry County,week 6,0
Hendry County,week 7,0
Hendry County,week 8,0
Hendry County,week 9,0
Hendry County,week 10,4
Hendry County,week 11,5
Hendry County,week 12,14
Hendry County,week 13,23
Hendry County,week 14,26
Hendry County,week 15,43
Hendry County,week 16,44
Hendry County,week 17,65
Hendry County,week 18,113
Hendry County,week 19,109
Hendry County,week 20,126
Hendry County,week 21,87
Hendry County,week 22,121
Hendry County,week 23,173
Hendry County,week 24,158
Hendry County,week 25,156
Hendry County,week 26,142
Hendry County,week 27,180
Hendry County,week 28,102
Hendry County,week 29,114
Hendry County,week 30,81
Hendry County,week 31,59
Hendry County,week 32,34
Hendry County,week 33,24
Hendry County,week 34,23
Hendry County,week 35,2
Hernando County,week 1,0
Hernando County,week 2,0
Hernando County,week 3,0
Hernando County,week 4,0
Hernando County,week 5,0
Hernando County,week 6,0
Hernando County,week 7,0
Hernando County,week 8,0
Hernando County,week 9,5
Hernando County,week 10,19
Hernando County,week 11,27
Hernando County,week 12,20
Hernando County,week 13,12
Hernando County,week 14,6
Hernando County,week 15,7
Hernando County,week 16,5
Hernando County,week 17,6
Hernando County,week 18,5
Hernando County,week 19,6
Hernando County,week 20,9
Hernando County,week 21,19
Hernando County,week 22,60
Hernando County,week 23,167
Hernando County,week 24,219
Hernando County,week 25,354
Hernando County,week 26,283
Hernando County,week 27,292
Hernando County,week 28,281
Hernando County,week 29,267
Hernando County,week 30,215
Hernando County,week 31,192
Hernando County,week 32,209
Hernando County,week 33,100
Hernando County,week 34,116
Hernando County,week 35,24
Highlands County,week 1,0
Highlands County,week 2,0
Highlands County,week 3,0
Highlands County,week 4,0
Highlands County,week 5,0
Highlands County,week 6,0
Highlands County,week 7,0
Highlands County,week 8,0
Highlands County,week 9,4
Highlands County,week 10,13
Highlands County,week 11,20
Highlands County,week 12,25
Highlands County,week 13,9
Highlands County,week 14,10
Highlands County,week 15,6
Highlands County,week 16,12
Highlands County,week 17,8
Highlands County,week 18,7
Highlands County,week 19,18
Highlands County,week 20,18
Highlands County,week 21,42
Highlands County,week 22,66
Highlands County,week 23,92
Highlands County,week 24,85
Highlands County,week 25,155
Highlands County,week 26,219
Highlands County,week 27,294
Highlands County,week 28,193
Highlands County,week 29,178
Highlands County,week 30,165
Highlands County,week 31,108
Highlands County,week 32,91
Highlands County,week 33,97
Highlands County,week 34,83
Highlands County,week 35,6
Hillsborough County,week 1,0
Hillsborough County,week 2,0
Hillsborough County,week 3,0
Hillsborough County,week 4,0
Hillsborough County,week 5,0
Hillsborough County,week 6,1
Hillsborough County,week 7,0
Hillsborough County,week 8,8
Hillsborough County,week 9,82
Hillsborough County,week 10,214
Hillsborough County,week 11,303
Hillsborough County,week 12,211
Hillsborough County,week 13,160
Hillsborough County,week 14,101
Hillsborough County,week 15,244
Hillsborough County,week 16,149
Hillsborough County,week 17,197
Hillsborough County,week 18,299
Hillsborough County,week 19,316
Hillsborough County,week 20,638
Hillsborough County,week 21,1106
Hillsborough County,week 22,2147
Hillsborough County,week 23,4576
Hillsborough County,week 24,4610
Hillsborough County,week 25,5146
Hillsborough County,week 26,4042
Hillsborough County,week 27,3273
Hillsborough County,week 28,2975
Hillsborough County,week 29,2198
Hillsborough County,week 30,1609
Hillsborough County,week 31,1348
Hillsborough County,week 32,1505
Hillsborough County,week 33,1194
Hillsborough County,week 34,1099
Hillsborough County,week 35,137
Holmes County,week 1,0
Holmes County,week 2,0
Holmes County,week 3,0
Holmes County,week 4,0
Holmes County,week 5,0
Holmes County,week 6,0
Holmes County,week 7,0
Holmes County,week 8,0
Holmes County,week 9,0
Holmes County,week 10,1
Holmes County,week 11,1
Holmes County,week 12,2
Holmes County,week 13,4
Holmes County,week 14,1
Holmes County,week 15,1
Holmes County,week 16,0
Holmes County,week 17,0
Holmes County,week 18,8
Holmes County,week 19,5
Holmes County,week 20,7
Holmes County,week 21,1
Holmes County,week 22,90
Holmes County,week 23,56
Holmes County,week 24,24
Holmes County,week 25,33
Holmes County,week 26,89
Holmes County,week 27,76
Holmes County,week 28,58
Holmes County,week 29,52
Holmes County,week 30,47
Holmes County,week 31,44
Holmes County,week 32,40
Holmes County,week 33,50
Holmes County,week 34,21
Holmes County,week 35,0
Indian River County,week 1,0
Indian River County,week 2,0
Indian River County,week 3,0
Indian River County,week 4,0
Indian River County,week 5,0
Indian River County,week 6,0
Indian River County,week 7,0
Indian River County,week 8,0
Indian River County,week 9,11
Indian River County,week 10,22
Indian River County,week 11,29
Indian River County,week 12,15
Indian River County,week 13,8
Indian River County,week 14,5
Indian River County,week 15,9
Indian River County,week 16,3
Indian River County,week 17,6
Indian River County,week 18,11
Indian River County,week 19,19
Indian River County,week 20,29
Indian River County,week 21,67
Indian River County,week 22,188
Indian River County,week 23,275
Indian River County,week 24,272
Indian River County,week 25,368
Indian River County,week 26,348
Indian River County,week 27,388
Indian River County,week 28,296
Indian River County,week 29,186
Indian River County,week 30,113
Indian River County,week 31,98
Indian River County,week 32,92
Indian River County,week 33,63
Indian River County,week 34,79
Indian River County,week 35,11
Jackson County,week 1,0
Jackson County,week 2,0
Jackson County,week 3,0
Jackson County,week 4,0
Jackson County,week 5,0
Jackson County,week 6,0
Jackson County,week 7,0
Jackson County,week 8,0
Jackson County,week 9,1
Jackson County,week 10,1
Jackson County,week 11,2
Jackson County,week 12,2
Jackson County,week 13,5
Jackson County,week 14,2
Jackson County,week 15,2
Jackson County,week 16,90
Jackson County,week 17,43
Jackson County,week 18,91
Jackson County,week 19,27
Jackson County,week 20,44
Jackson County,week 21,16
Jackson County,week 22,15
Jackson County,week 23,22
Jackson County,week 24,52
Jackson County,week 25,237
Jackson County,week 26,224
Jackson County,week 27,421
Jackson County,week 28,346
Jackson County,week 29,293
Jackson County,week 30,175
Jackson County,week 31,171
Jackson County,week 32,103
Jackson County,week 33,121
Jackson County,week 34,126
Jackson County,week 35,12
Jefferson County,week 1,0
Jefferson County,week 2,0
Jefferson County,week 3,0
Jefferson County,week 4,0
Jefferson County,week 5,0
Jefferson County,week 6,0
Jefferson County,week 7,0
Jefferson County,week 8,0
Jefferson County,week 9,0
Jefferson County,week 10,0
Jefferson County,week 11,4
Jefferson County,week 12,9
Jefferson County,week 13,13
Jefferson County,week 14,2
Jefferson County,week 15,0
Jefferson County,week 16,0
Jefferson County,week 17,0
Jefferson County,week 18,1
Jefferson County,week 19,0
Jefferson County,week 20,2
Jefferson County,week 21,2
Jefferson County,week 22,5
Jefferson County,week 23,11
Jefferson County,week 24,18
Jefferson County,week 25,26
Jefferson County,week 26,25
Jefferson County,week 27,66
Jefferson County,week 28,233
Jefferson County,week 29,45
Jefferson County,week 30,11
Jefferson County,week 31,19
Jefferson County,week 32,10
Jefferson County,week 33,15
Jefferson County,week 34,17
Jefferson County,week 35,2
Lafayette County,week 1,0
Lafayette County,week 2,0
Lafayette County,week 3,0
Lafayette County,week 4,0
Lafayette County,week 5,0
Lafayette County,week 6,0
Lafayette County,week 7,0
Lafayette County,week 8,0
Lafayette County,week 9,0
Lafayette County,week 10,0
Lafayette County,week 11,0
Lafayette County,week 12,1
Lafayette County,week 13,0
Lafayette County,week 14,0
Lafayette County,week 15,2
Lafayette County,week 16,2
Lafayette County,week 17,1
Lafayette County,week 18,2
Lafayette County,week 19,0
Lafayette County,week 20,4
Lafayette County,week 21,3
Lafayette County,week 22,5
Lafayette County,week 23,12
Lafayette County,week 24,10
Lafayette County,week 25,19
Lafayette County,week 26,13
Lafayette County,week 27,18
Lafayette County,week 28,21
Lafayette County,week 29,76
Lafayette County,week 30,841
Lafayette County,week 31,134
Lafayette County,week 32,40
Lafayette County,week 33,9
Lafayette County,week 34,9
Lafayette County,week 35,5
Lake County,week 1,0
Lake County,week 2,0
Lake County,week 3,0
Lake County,week 4,0
Lake County,week 5,0
Lake County,week 6,0
Lake County,week 7,0
Lake County,week 8,1
Lake County,week 9,13
Lake County,week 10,52
Lake County,week 11,56
Lake County,week 12,47
Lake County,week 13,44
Lake County,week 14,13
Lake County,week 15,9
Lake County,week 16,11
Lake County,week 17,11
Lake County,week 18,20
Lake County,week 19,29
Lake County,week 20,33
Lake County,week 21,159
Lake County,week 22,297
Lake County,week 23,507
Lake County,week 24,696
Lake County,week 25,785
Lake County,week 26,690
Lake County,week 27,786
Lake County,week 28,510
Lake County,week 29,460
Lake County,week 30,469
Lake County,week 31,424
Lake County,week 32,416
Lake County,week 33,303
Lake County,week 34,251
Lake County,week 35,45
Lee County,week 1,0
Lee County,week 2,0
Lee County,week 3,0
Lee County,week 4,0
Lee County,week 5,0
Lee County,week 6,0
Lee County,week 7,2
Lee County,week 8,5
Lee County,week 9,25
Lee County,week 10,174
Lee County,week 11,233
Lee County,week 12,218
Lee County,week 13,138
Lee County,week 14,195
Lee County,week 15,170
Lee County,week 16,157
Lee County,week 17,203
Lee County,week 18,239
Lee County,week 19,208
Lee County,week 20,421
Lee County,week 21,627
Lee County,week 22,730
Lee County,week 23,1843
Lee County,week 24,2271
Lee County,week 25,2772
Lee County,week 26,2494
Lee County,week 27,1591
Lee County,week 28,1158
Lee County,week 29,844
Lee County,week 30,777
Lee County,week 31,645
Lee County,week 32,684
Lee County,week 33,386
Lee County,week 34,356
Lee County,week 35,51
Leon County,week 1,0
Leon County,week 2,0
Leon County,week 3,0
Leon County,week 4,0
Leon County,week 5,0
Leon County,week 6,0
Leon County,week 7,0
Leon County,week 8,0
Leon County,week 9,8
Leon County,week 10,18
Leon County,week 11,42
Leon County,week 12,82
Leon County,week 13,36
Leon County,week 14,27
Leon County,week 15,30
Leon County,week 16,23
Leon County,week 17,38
Leon County,week 18,71
Leon County,week 19,36
Leon County,week 20,37
Leon County,week 21,35
Leon County,week 22,113
Leon County,week 23,518
Leon County,week 24,797
Leon County,week 25,609
Leon County,week 26,745
Leon County,week 27,684
Leon County,week 28,540
Leon County,week 29,627
Leon County,week 30,400
Leon County,week 31,417
Leon County,week 32,542
Leon County,week 33,1468
Leon County,week 34,1328
Leon County,week 35,124
Levy County,week 1,0
Levy County,week 2,0
Levy County,week 3,0
Levy County,week 4,0
Levy County,week 5,0
Levy County,week 6,0
Levy County,week 7,0
Levy County,week 8,0
Levy County,week 9,0
Levy County,week 10,2
Levy County,week 11,3
Levy County,week 12,2
Levy County,week 13,5
Levy County,week 14,6
Levy County,week 15,2
Levy County,week 16,2
Levy County,week 17,3
Levy County,week 18,5
Levy County,week 19,5
Levy County,week 20,55
Levy County,week 21,37
Levy County,week 22,24
Levy County,week 23,23
Levy County,week 24,44
Levy County,week 25,64
Levy County,week 26,116
Levy County,week 27,95
Levy County,week 28,134
Levy County,week 29,71
Levy County,week 30,96
Levy County,week 31,74
Levy County,week 32,53
Levy County,week 33,27
Levy County,week 34,23
Levy County,week 35,1
Liberty County,week 1,0
Liberty County,week 2,0
Liberty County,week 3,0
Liberty County,week 4,0
Liberty County,week 5,0
Liberty County,week 6,0
Liberty County,week 7,0
Liberty County,week 8,0
Liberty County,week 9,0
Liberty County,week 10,0
Liberty County,week 11,0
Liberty County,week 12,2
Liberty County,week 13,0
Liberty County,week 14,0
Liberty County,week 15,58
Liberty County,week 16,138
Liberty County,week 17,1
Liberty County,week 18,10
Liberty County,week 19,4
Liberty County,week 20,5
Liberty County,week 21,2
Liberty County,week 22,0
Liberty County,week 23,2
Liberty County,week 24,23
Liberty County,week 25,31
Liberty County,week 26,40
Liberty County,week 27,24
Liberty County,week 28,44
Liberty County,week 29,23
Liberty County,week 30,3
Liberty County,week 31,16
Liberty County,week 32,10
Liberty County,week 33,13
Liberty County,week 34,32
Liberty County,week 35,2
Madison County,week 1,0
Madison County,week 2,0
Madison County,week 3,0
Madison County,week 4,0
Madison County,week 5,0
Madison County,week 6,0
Madison County,week 7,0
Madison County,week 8,0
Madison County,week 9,0
Madison County,week 10,0
Madison County,week 11,11
Madison County,week 12,3
Madison County,week 13,12
Madison County,week 14,23
Madison County,week 15,12
Madison County,week 16,0
Madison County,week 17,3
Madison County,week 18,5
Madison County,week 19,0
Madison County,week 20,2
Madison County,week 21,13
Madison County,week 22,59
Madison County,week 23,52
Madison County,week 24,70
Madison County,week 25,117
Madison County,week 26,95
Madison County,week 27,83
Madison County,week 28,101
Madison County,week 29,49
Madison County,week 30,62
Madison County,week 31,62
Madison County,week 32,43
Madison County,week 33,49
Madison County,week 34,63
Madison County,week 35,4
Manatee County,week 1,0
Manatee County,week 2,0
Manatee County,week 3,0
Manatee County,week 4,0
Manatee County,week 5,0
Manatee County,week 6,0
Manatee County,week 7,2
Manatee County,week 8,5
Manatee County,week 9,9
Manatee County,week 10,37
Manatee County,week 11,111
Manatee County,week 12,97
Manatee County,week 13,182
Manatee County,week 14,120
Manatee County,week 15,121
Manatee County,week 16,111
Manatee County,week 17,93
Manatee County,week 18,102
Manatee County,week 19,84
Manatee County,week 20,155
Manatee County,week 21,254
Manatee County,week 22,530
Manatee County,week 23,843
Manatee County,week 24,1034
Manatee County,week 25,1529
Manatee County,week 26,1452
Manatee County,week 27,1219
Manatee County,week 28,797
Manatee County,week 29,508
Manatee County,week 30,496
Manatee County,week 31,350
Manatee County,week 32,249
Manatee County,week 33,209
Manatee County,week 34,273
Manatee County,week 35,13
Marion County,week 1,0
Marion County,week 2,0
Marion County,week 3,0
Marion County,week 4,0
Marion County,week 5,0
Marion County,week 6,0
Marion County,week 7,0
Marion County,week 8,0
Marion County,week 9,4
Marion County,week 10,21
Marion County,week 11,37
Marion County,week 12,42
Marion County,week 13,26
Marion County,week 14,30
Marion County,week 15,33
Marion County,week 16,20
Marion County,week 17,11
Marion County,week 18,16
Marion County,week 19,15
Marion County,week 20,29
Marion County,week 21,41
Marion County,week 22,99
Marion County,week 23,248
Marion County,week 24,371
Marion County,week 25,731
Marion County,week 26,947
Marion County,week 27,1207
Marion County,week 28,1506
Marion County,week 29,1234
Marion County,week 30,780
Marion County,week 31,644
Marion County,week 32,490
Marion County,week 33,299
Marion County,week 34,336
Marion County,week 35,18
Martin County,week 1,0
Martin County,week 2,0
Martin County,week 3,0
Martin County,week 4,0
Martin County,week 5,0
Martin County,week 6,0
Martin County,week 7,0
Martin County,week 8,0
Martin County,week 9,4
Martin County,week 10,24
Martin County,week 11,72
Martin County,week 12,35
Martin County,week 13,25
Martin County,week 14,25
Martin County,week 15,33
Martin County,week 16,56
Martin County,week 17,122
Martin County,week 18,139
Martin County,week 19,145
Martin County,week 20,254
Martin County,week 21,362
Martin County,week 22,315
Martin County,week 23,444
Martin County,week 24,406
Martin County,week 25,439
Martin County,week 26,293
Martin County,week 27,292
Martin County,week 28,173
Martin County,week 29,194
Martin County,week 30,115
Martin County,week 31,145
Martin County,week 32,372
Martin County,week 33,0
Martin County,week 34,123
Martin County,week 35,6
Miami-Dade County,week 1,0
Miami-Dade County,week 2,0
Miami-Dade County,week 3,0
Miami-Dade County,week 4,0
Miami-Dade County,week 5,0
Miami-Dade County,week 6,0
Miami-Dade County,week 7,0
Miami-Dade County,week 8,43
Miami-Dade County,week 9,295
Miami-Dade County,week 10,1785
Miami-Dade County,week 11,3003
Miami-Dade County,week 12,2586
Miami-Dade County,week 13,2344
Miami-Dade County,week 14,1775
Miami-Dade County,week 15,1393
Miami-Dade County,week 16,1161
Miami-Dade County,week 17,1557
Miami-Dade County,week 18,1226
Miami-Dade County,week 19,1056
Miami-Dade County,week 20,1756
Miami-Dade County,week 21,2761
Miami-Dade County,week 22,4081
Miami-Dade County,week 23,9998
Miami-Dade County,week 24,14238
Miami-Dade County,week 25,18745
Miami-Dade County,week 26,19754
Miami-Dade County,week 27,20795
Miami-Dade County,week 28,14407
Miami-Dade County,week 29,10371
Miami-Dade County,week 30,11860
Miami-Dade County,week 31,6395
Miami-Dade County,week 32,5674
Miami-Dade County,week 33,2967
Miami-Dade County,week 34,2662
Miami-Dade County,week 35,459
Monroe County,week 1,0
Monroe County,week 2,0
Monroe County,week 3,0
Monroe County,week 4,0
Monroe County,week 5,0
Monroe County,week 6,0
Monroe County,week 7,0
Monroe County,week 8,0
Monroe County,week 9,3
Monroe County,week 10,24
Monroe County,week 11,22
Monroe County,week 12,15
Monroe County,week 13,9
Monroe County,week 14,5
Monroe County,week 15,2
Monroe County,week 16,15
Monroe County,week 17,4
Monroe County,week 18,8
Monroe County,week 19,2
Monroe County,week 20,5
Monroe County,week 21,17
Monroe County,week 22,35
Monroe County,week 23,93
Monroe County,week 24,139
Monroe County,week 25,243
Monroe County,week 26,294
Monroe County,week 27,240
Monroe County,week 28,214
Monroe County,week 29,159
Monroe County,week 30,102
Monroe County,week 31,45
Monroe County,week 32,48
Monroe County,week 33,19
Monroe County,week 34,25
Monroe County,week 35,4
Nassau County,week 1,0
Nassau County,week 2,0
Nassau County,week 3,0
Nassau County,week 4,0
Nassau County,week 5,0
Nassau County,week 6,0
Nassau County,week 7,1
Nassau County,week 8,0
Nassau County,week 9,0
Nassau County,week 10,9
Nassau County,week 11,17
Nassau County,week 12,8
Nassau County,week 13,11
Nassau County,week 14,7
Nassau County,week 15,6
Nassau County,week 16,2
Nassau County,week 17,5
Nassau County,week 18,4
Nassau County,week 19,10
Nassau County,week 20,3
Nassau County,week 21,11
Nassau County,week 22,32
Nassau County,week 23,56
Nassau County,week 24,164
Nassau County,week 25,224
Nassau County,week 26,241
Nassau County,week 27,175
Nassau County,week 28,152
Nassau County,week 29,115
Nassau County,week 30,101
Nassau County,week 31,168
Nassau County,week 32,206
Nassau County,week 33,122
Nassau County,week 34,110
Nassau County,week 35,18
Okaloosa County,week 1,0
Okaloosa County,week 2,0
Okaloosa County,week 3,0
Okaloosa County,week 4,0
Okaloosa County,week 5,0
Okaloosa County,week 6,0
Okaloosa County,week 7,1
Okaloosa County,week 8,1
Okaloosa County,week 9,12
Okaloosa County,week 10,25
Okaloosa County,week 11,31
Okaloosa County,week 12,34
Okaloosa County,week 13,30
Okaloosa County,week 14,18
Okaloosa County,week 15,9
Okaloosa County,week 16,8
Okaloosa County,week 17,11
Okaloosa County,week 18,14
Okaloosa County,week 19,41
Okaloosa County,week 20,39
Okaloosa County,week 21,70
Okaloosa County,week 22,92
Okaloosa County,week 23,230
Okaloosa County,week 24,272
Okaloosa County,week 25,507
Okaloosa County,week 26,617
Okaloosa County,week 27,420
Okaloosa County,week 28,624
Okaloosa County,week 29,481
Okaloosa County,week 30,186
Okaloosa County,week 31,225
Okaloosa County,week 32,201
Okaloosa County,week 33,229
Okaloosa County,week 34,248
Okaloosa County,week 35,19
Okeechobee County,week 1,0
Okeechobee County,week 2,0
Okeechobee County,week 3,0
Okeechobee County,week 4,0
Okeechobee County,week 5,0
Okeechobee County,week 6,0
Okeechobee County,week 7,0
Okeechobee County,week 8,0
Okeechobee County,week 9,0
Okeechobee County,week 10,0
Okeechobee County,week 11,5
Okeechobee County,week 12,0
Okeechobee County,week 13,3
Okeechobee County,week 14,2
Okeechobee County,week 15,7
Okeechobee County,week 16,8
Okeechobee County,week 17,20
Okeechobee County,week 18,22
Okeechobee County,week 19,18
Okeechobee County,week 20,58
Okeechobee County,week 21,52
Okeechobee County,week 22,61
Okeechobee County,week 23,121
Okeechobee County,week 24,74
Okeechobee County,week 25,130
Okeechobee County,week 26,103
Okeechobee County,week 27,169
Okeechobee County,week 28,114
Okeechobee County,week 29,110
Okeechobee County,week 30,78
Okeechobee County,week 31,53
Okeechobee County,week 32,40
Okeechobee County,week 33,40
Okeechobee County,week 34,53
Okeechobee County,week 35,16
Orange County,week 1,0
Orange County,week 2,0
Orange County,week 3,0
Orange County,week 4,0
Orange County,week 5,0
Orange County,week 6,0
Orange County,week 7,0
Orange County,week 8,6
Orange County,week 9,44
Orange County,week 10,323
Orange County,week 11,395
Orange County,week 12,270
Orange County,week 13,197
Orange County,week 14,128
Orange County,week 15,83
Orange County,week 16,91
Orange County,week 17,162
Orange County,week 18,150
Orange County,week 19,199
Orange County,week 20,401
Orange County,week 21,988
Orange County,week 22,2065
Orange County,week 23,4812
Orange County,week 24,4454
Orange County,week 25,4609
Orange County,week 26,4634
Orange County,week 27,3809
Orange County,week 28,2320
Orange County,week 29,1902
Orange County,week 30,1667
Orange County,week 31,1201
Orange County,week 32,1490
Orange County,week 33,847
Orange County,week 34,900
Orange County,week 35,95
Osceola County,week 1,0
Osceola County,week 2,0
Osceola County,week 3,0
Osceola County,week 4,0
Osceola County,week 5,0
Osceola County,week 6,0
Osceola County,week 7,0
Osceola County,week 8,7
Osceola County,week 9,19
Osceola County,week 10,84
Osceola County,week 11,146
Osceola County,week 12,93
Osceola County,week 13,68
Osceola County,week 14,57
Osceola County,week 15,40
Osceola County,week 16,66
Osceola County,week 17,49
Osceola County,week 18,33
Osceola County,week 19,47
Osceola County,week 20,53
Osceola County,week 21,104
Osceola County,week 22,281
Osceola County,week 23,879
Osceola County,week 24,1164
Osceola County,week 25,1385
Osceola County,week 26,1904
Osceola County,week 27,1494
Osceola County,week 28,1045
Osceola County,week 29,840
Osceola County,week 30,566
Osceola County,week 31,380
Osceola County,week 32,456
Osceola County,week 33,300
Osceola County,week 34,286
Osceola County,week 35,37
Palm Beach County,week 1,0
Palm Beach County,week 2,0
Palm Beach County,week 3,0
Palm Beach County,week 4,0
Palm Beach County,week 5,0
Palm Beach County,week 6,0
Palm Beach County,week 7,0
Palm Beach County,week 8,13
Palm Beach County,week 9,88
Palm Beach County,week 10,450
Palm Beach County,week 11,608
Palm Beach County,week 12,581
Palm Beach County,week 13,580
Palm Beach County,week 14,557
Palm Beach County,week 15,513
Palm Beach County,week 16,703
Palm Beach County,week 17,606
Palm Beach County,week 18,730
Palm Beach County,week 19,790
Palm Beach County,week 20,1299
Palm Beach County,week 21,1744
Palm Beach County,week 22,1918
Palm Beach County,week 23,2970
Palm Beach County,week 24,3488
Palm Beach County,week 25,4641
Palm Beach County,week 26,4672
Palm Beach County,week 27,4647
Palm Beach County,week 28,3331
Palm Beach County,week 29,2712
Palm Beach County,week 30,1819
Palm Beach County,week 31,1393
Palm Beach County,week 32,1534
Palm Beach County,week 33,922
Palm Beach County,week 34,996
Palm Beach County,week 35,154
Pasco County,week 1,0
Pasco County,week 2,0
Pasco County,week 3,0
Pasco County,week 4,0
Pasco County,week 5,0
Pasco County,week 6,0
Pasco County,week 7,1
Pasco County,week 8,1
Pasco County,week 9,13
Pasco County,week 10,25
Pasco County,week 11,82
Pasco County,week 12,55
Pasco County,week 13,36
Pasco County,week 14,26
Pasco County,week 15,45
Pasco County,week 16,18
Pasco County,week 17,25
Pasco County,week 18,42
Pasco County,week 19,25
Pasco County,week 20,48
Pasco County,week 21,118
Pasco County,week 22,394
Pasco County,week 23,1038
Pasco County,week 24,1012
Pasco County,week 25,1185
Pasco County,week 26,972
Pasco County,week 27,831
Pasco County,week 28,644
Pasco County,week 29,536
Pasco County,week 30,355
Pasco County,week 31,280
Pasco County,week 32,328
Pasco County,week 33,222
Pasco County,week 34,243
Pasco County,week 35,40
Pinellas County,week 1,0
Pinellas County,week 2,0
Pinellas County,week 3,0
Pinellas County,week 4,0
Pinellas County,week 5,0
Pinellas County,week 6,0
Pinellas County,week 7,2
Pinellas County,week 8,2
Pinellas County,week 9,41
Pinellas County,week 10,122
Pinellas County,week 11,220
Pinellas County,week 12,107
Pinellas County,week 13,138
Pinellas County,week 14,77
Pinellas County,week 15,79
Pinellas County,week 16,121
Pinellas County,week 17,153
Pinellas County,week 18,134
Pinellas County,week 19,139
Pinellas County,week 20,344
Pinellas County,week 21,844
Pinellas County,week 22,1510
Pinellas County,week 23,2454
Pinellas County,week 24,2545
Pinellas County,week 25,2722
Pinellas County,week 26,2171
Pinellas County,week 27,1616
Pinellas County,week 28,1506
Pinellas County,week 29,1056
Pinellas County,week 30,773
Pinellas County,week 31,646
Pinellas County,week 32,504
Pinellas County,week 33,500
Pinellas County,week 34,555
Pinellas County,week 35,71
Polk County,week 1,0
Polk County,week 2,0
Polk County,week 3,0
Polk County,week 4,0
Polk County,week 5,0
Polk County,week 6,0
Polk County,week 7,0
Polk County,week 8,1
Polk County,week 9,12
Polk County,week 10,60
Polk County,week 11,126
Polk County,week 12,80
Polk County,week 13,77
Polk County,week 14,101
Polk County,week 15,90
Polk County,week 16,128
Polk County,week 17,91
Polk County,week 18,125
Polk County,week 19,162
Polk County,week 20,190
Polk County,week 21,323
Polk County,week 22,713
Polk County,week 23,1557
Polk County,week 24,1829
Polk County,week 25,2216
Polk County,week 26,2191
Polk County,week 27,1821
Polk County,week 28,1338
Polk County,week 29,1414
Polk County,week 30,962
Polk County,week 31,781
Polk County,week 32,771
Polk County,week 33,773
Polk County,week 34,680
Polk County,week 35,62
Putnam County,week 1,0
Putnam County,week 2,0
Putnam County,week 3,0
Putnam County,week 4,0
Putnam County,week 5,0
Putnam County,week 6,0
Putnam County,week 7,0
Putnam County,week 8,0
Putnam County,week 9,2
Putnam County,week 10,11
Putnam County,week 11,7
Putnam County,week 12,23
Putnam County,week 13,16
Putnam County,week 14,44
Putnam County,week 15,17
Putnam County,week 16,7
Putnam County,week 17,7
Putnam County,week 18,10
Putnam County,week 19,10
Putnam County,week 20,21
Putnam County,week 21,23
Putnam County,week 22,44
Putnam County,week 23,97
Putnam County,week 24,227
Putnam County,week 25,269
Putnam County,week 26,171
Putnam County,week 27,185
Putnam County,week 28,206
Putnam County,week 29,142
Putnam County,week 30,85
Putnam County,week 31,106
Putnam County,week 32,60
Putnam County,week 33,77
Putnam County,week 34,113
Putnam County,week 35,10
St. Johns County,week 1,0
St. Johns County,week 2,0
St. Johns County,week 3,0
St. Johns County,week 4,0
St. Johns County,week 5,0
St. Johns County,week 6,0
St. Johns County,week 7,0
St. Johns County,week 8,3
St. Johns County,week 9,19
St. Johns County,week 10,57
St. Johns County,week 11,75
St. Johns County,week 12,23
St. Johns County,week 13,17
St. Johns County,week 14,13
St. Johns County,week 15,7
St. Johns County,week 16,9
St. Johns County,week 17,10
St. Johns County,week 18,8
St. Johns County,week 19,21
St. Johns County,week 20,25
St. Johns County,week 21,46
St. Johns County,week 22,177
St. Johns County,week 23,438
St. Johns County,week 24,485
St. Johns County,week 25,586
St. Johns County,week 26,593
St. Johns County,week 27,445
St. Johns County,week 28,365
St. Johns County,week 29,316
St. Johns County,week 30,283
St. Johns County,week 31,176
St. Johns County,week 32,192
St. Johns County,week 33,310
St. Johns County,week 34,229
St. Johns County,week 35,24
St. Lucie County,week 1,0
St. Lucie County,week 2,0
St. Lucie County,week 3,0
St. Lucie County,week 4,0
St. Lucie County,week 5,0
St. Lucie County,week 6,0
St. Lucie County,week 7,0
St. Lucie County,week 8,0
St. Lucie County,week 9,6
St. Lucie County,week 10,32
St. Lucie County,week 11,84
St. Lucie County,week 12,43
St. Lucie County,week 13,41
St. Lucie County,week 14,33
St. Lucie County,week 15,20
St. Lucie County,week 16,31
St. Lucie County,week 17,46
St. Lucie County,week 18,77
St. Lucie County,week 19,79
St. Lucie County,week 20,177
St. Lucie County,week 21,312
St. Lucie County,week 22,268
St. Lucie County,week 23,475
St. Lucie County,week 24,631
St. Lucie County,week 25,779
St. Lucie County,week 26,673
St. Lucie County,week 27,907
St. Lucie County,week 28,615
St. Lucie County,week 29,591
St. Lucie County,week 30,406
St. Lucie County,week 31,394
St. Lucie County,week 32,400
St. Lucie County,week 33,246
St. Lucie County,week 34,267
St. Lucie County,week 35,28
Santa Rosa County,week 1,0
Santa Rosa County,week 2,0
Santa Rosa County,week 3,0
Santa Rosa County,week 4,0
Santa Rosa County,week 5,0
Santa Rosa County,week 6,0
Santa Rosa County,week 7,1
Santa Rosa County,week 8,0
Santa Rosa County,week 9,3
Santa Rosa County,week 10,40
Santa Rosa County,week 11,22
Santa Rosa County,week 12,48
Santa Rosa County,week 13,25
Santa Rosa County,week 14,12
Santa Rosa County,week 15,7
Santa Rosa County,week 16,21
Santa Rosa County,week 17,7
Santa Rosa County,week 18,23
Santa Rosa County,week 19,39
Santa Rosa County,week 20,13
Santa Rosa County,week 21,36
Santa Rosa County,week 22,58
Santa Rosa County,week 23,238
Santa Rosa County,week 24,348
Santa Rosa County,week 25,471
Santa Rosa County,week 26,606
Santa Rosa County,week 27,927
Santa Rosa County,week 28,607
Santa Rosa County,week 29,461
Santa Rosa County,week 30,251
Santa Rosa County,week 31,219
Santa Rosa County,week 32,231
Santa Rosa County,week 33,244
Santa Rosa County,week 34,199
Santa Rosa County,week 35,19
Sarasota County,week 1,0
Sarasota County,week 2,0
Sarasota County,week 3,0
Sarasota County,week 4,0
Sarasota County,week 5,0
Sarasota County,week 6,0
Sarasota County,week 7,0
Sarasota County,week 8,4
Sarasota County,week 9,22
Sarasota County,week 10,50
Sarasota County,week 11,97
Sarasota County,week 12,68
Sarasota County,week 13,56
Sarasota County,week 14,37
Sarasota County,week 15,61
Sarasota County,week 16,40
Sarasota County,week 17,98
Sarasota County,week 18,61
Sarasota County,week 19,53
Sarasota County,week 20,47
Sarasota County,week 21,95
Sarasota County,week 22,242
Sarasota County,week 23,451
Sarasota County,week 24,767
Sarasota County,week 25,1085
Sarasota County,week 26,1098
Sarasota County,week 27,842
Sarasota County,week 28,580
Sarasota County,week 29,460
Sarasota County,week 30,450
Sarasota County,week 31,278
Sarasota County,week 32,197
Sarasota County,week 33,218
Sarasota County,week 34,214
Sarasota County,week 35,38
Seminole County,week 1,0
Seminole County,week 2,0
Seminole County,week 3,0
Seminole County,week 4,0
Seminole County,week 5,0
Seminole County,week 6,0
Seminole County,week 7,1
Seminole County,week 8,3
Seminole County,week 9,19
Seminole County,week 10,80
Seminole County,week 11,99
Seminole County,week 12,73
Seminole County,week 13,53
Seminole County,week 14,45
Seminole County,week 15,30
Seminole County,week 16,15
Seminole County,week 17,24
Seminole County,week 18,23
Seminole County,week 19,28
Seminole County,week 20,63
Seminole County,week 21,280
Seminole County,week 22,615
Seminole County,week 23,1115
Seminole County,week 24,956
Seminole County,week 25,1014
Seminole County,week 26,983
Seminole County,week 27,712
Seminole County,week 28,529
Seminole County,week 29,459
Seminole County,week 30,311
Seminole County,week 31,281
Seminole County,week 32,362
Seminole County,week 33,239
Seminole County,week 34,201
Seminole County,week 35,22
Sumter County,week 1,0
Sumter County,week 2,0
Sumter County,week 3,0
Sumter County,week 4,0
Sumter County,week 5,0
Sumter County,week 6,0
Sumter County,week 7,0
Sumter County,week 8,0
Sumter County,week 9,10
Sumter County,week 10,41
Sumter County,week 11,36
Sumter County,week 12,26
Sumter County,week 13,50
Sumter County,week 14,13
Sumter County,week 15,58
Sumter County,week 16,10
Sumter County,week 17,8
Sumter County,week 18,1
Sumter County,week 19,2
Sumter County,week 20,9
Sumter County,week 21,4
Sumter County,week 22,22
Sumter County,week 23,55
Sumter County,week 24,133
Sumter County,week 25,203
Sumter County,week 26,178
Sumter County,week 27,169
Sumter County,week 28,135
Sumter County,week 29,181
Sumter County,week 30,242
Sumter County,week 31,138
Sumter County,week 32,157
Sumter County,week 33,168
Sumter County,week 34,72
Sumter County,week 35,8
Suwannee County,week 1,0
Suwannee County,week 2,0
Suwannee County,week 3,0
Suwannee County,week 4,0
Suwannee County,week 5,0
Suwannee County,week 6,0
Suwannee County,week 7,0
Suwannee County,week 8,0
Suwannee County,week 9,0
Suwannee County,week 10,3
Suwannee County,week 11,30
Suwannee County,week 12,42
Suwannee County,week 13,27
Suwannee County,week 14,26
Suwannee County,week 15,14
Suwannee County,week 16,6
Suwannee County,week 17,12
Suwannee County,week 18,5
Suwannee County,week 19,3
Suwannee County,week 20,8
Suwannee County,week 21,32
Suwannee County,week 22,131
Suwannee County,week 23,160
Suwannee County,week 24,147
Suwannee County,week 25,115
Suwannee County,week 26,165
Suwannee County,week 27,112
Suwannee County,week 28,165
Suwannee County,week 29,304
Suwannee County,week 30,785
Suwannee County,week 31,71
Suwannee County,week 32,92
Suwannee County,week 33,56
Suwannee County,week 34,41
Suwannee County,week 35,1
Taylor County,week 1,0
Taylor County,week 2,0
Taylor County,week 3,0
Taylor County,week 4,0
Taylor County,week 5,0
Taylor County,week 6,0
Taylor County,week 7,0
Taylor County,week 8,0
Taylor County,week 9,0
Taylor County,week 10,0
Taylor County,week 11,1
Taylor County,week 12,0
Taylor County,week 13,1
Taylor County,week 14,1
Taylor County,week 15,0
Taylor County,week 16,0
Taylor County,week 17,2
Taylor County,week 18,9
Taylor County,week 19,8
Taylor County,week 20,25
Taylor County,week 21,13
Taylor County,week 22,9
Taylor County,week 23,10
Taylor County,week 24,23
Taylor County,week 25,47
Taylor County,week 26,72
Taylor County,week 27,70
Taylor County,week 28,260
Taylor County,week 29,430
Taylor County,week 30,129
Taylor County,week 31,54
Taylor County,week 32,43
Taylor County,week 33,24
Taylor County,week 34,30
Taylor County,week 35,5
Union County,week 1,0
Union County,week 2,0
Union County,week 3,0
Union County,week 4,0
Union County,week 5,0
Union County,week 6,0
Union County,week 7,0
Union County,week 8,0
Union County,week 9,0
Union County,week 10,1
Union County,week 11,1
Union County,week 12,0
Union County,week 13,1
Union County,week 14,1
Union County,week 15,1
Union County,week 16,2
Union County,week 17,19
Union County,week 18,5
Union County,week 19,2
Union County,week 20,5
Union County,week 21,0
Union County,week 22,5
Union County,week 23,19
Union County,week 24,30
Union County,week 25,28
Union County,week 26,25
Union County,week 27,61
Union County,week 28,21
Union County,week 29,208
Union County,week 30,58
Union County,week 31,42
Union County,week 32,68
Union County,week 33,103
Union County,week 34,114
Union County,week 35,4
Volusia County,week 1,0
Volusia County,week 2,0
Volusia County,week 3,0
Volusia County,week 4,0
Volusia County,week 5,0
Volusia County,week 6,0
Volusia County,week 7,2
Volusia County,week 8,7
Volusia County,week 9,9
Volusia County,week 10,62
Volusia County,week 11,83
Volusia County,week 12,63
Volusia County,week 13,140
Volusia County,week 14,79
Volusia County,week 15,76
Volusia County,week 16,36
Volusia County,week 17,55
Volusia County,week 18,68
Volusia County,week 19,72
Volusia County,week 20,85
Volusia County,week 21,132
Volusia County,week 22,332
Volusia County,week 23,804
Volusia County,week 24,846
Volusia County,week 25,1212
Volusia County,week 26,1367
Volusia County,week 27,943
Volusia County,week 28,815
Volusia County,week 29,752
Volusia County,week 30,503
Volusia County,week 31,454
Volusia County,week 32,420
Volusia County,week 33,445
Volusia County,week 34,400
Volusia County,week 35,45
Wakulla County,week 1,0
Wakulla County,week 2,0
Wakulla County,week 3,0
Wakulla County,week 4,0
Wakulla County,week 5,0
Wakulla County,week 6,0
Wakulla County,week 7,0
Wakulla County,week 8,0
Wakulla County,week 9,0
Wakulla County,week 10,1
Wakulla County,week 11,5
Wakulla County,week 12,6
Wakulla County,week 13,3
Wakulla County,week 14,7
Wakulla County,week 15,7
Wakulla County,week 16,2
Wakulla County,week 17,1
Wakulla County,week 18,0
Wakulla County,week 19,3
Wakulla County,week 20,0
Wakulla County,week 21,0
Wakulla County,week 22,6
Wakulla County,week 23,19
Wakulla County,week 24,33
Wakulla County,week 25,71
Wakulla County,week 26,145
Wakulla County,week 27,226
Wakulla County,week 28,92
Wakulla County,week 29,99
Wakulla County,week 30,65
Wakulla County,week 31,72
Wakulla County,week 32,33
Wakulla County,week 33,75
Wakulla County,week 34,66
Wakulla County,week 35,8
Walton County,week 1,0
Walton County,week 2,0
Walton County,week 3,0
Walton County,week 4,0
Walton County,week 5,0
Walton County,week 6,0
Walton County,week 7,0
Walton County,week 8,0
Walton County,week 9,10
Walton County,week 10,8
Walton County,week 11,8
Walton County,week 12,3
Walton County,week 13,3
Walton County,week 14,3
Walton County,week 15,15
Walton County,week 16,16
Walton County,week 17,25
Walton County,week 18,17
Walton County,week 19,10
Walton County,week 20,15
Walton County,week 21,19
Walton County,week 22,36
Walton County,week 23,57
Walton County,week 24,127
Walton County,week 25,250
Walton County,week 26,244
Walton County,week 27,228
Walton County,week 28,192
Walton County,week 29,142
Walton County,week 30,78
Walton County,week 31,82
Walton County,week 32,74
Walton County,week 33,85
Walton County,week 34,93
Walton County,week 35,13
Washington County,week 1,0
Washington County,week 2,0
Washington County,week 3,0
Washington County,week 4,0
Washington County,week 5,0
Washington County,week 6,0
Washington County,week 7,0
Washington County,week 8,0
Washington County,week 9,0
Washington County,week 10,1
Washington County,week 11,1
Washington County,week 12,3
Washington County,week 13,4
Washington County,week 14,3
Washington County,week 15,0
Washington County,week 16,0
Washington County,week 17,2
Washington County,week 18,36
Washington County,week 19,16
Washington County,week 20,19
Washington County,week 21,9
Washington County,week 22,4
Washington County,week 23,14
Washington County,week 24,19
Washington County,week 25,73
Washington County,week 26,129
Washington County,week 27,127
Washington County,week 28,216
Washington County,week 29,201
Washington County,week 30,57
Washington County,week 31,55
Washington County,week 32,20
Washington County,week 33,22
Washington County,week 34,17
Washington County,week 35,3
