,,deaths
Alachua County,week 1,0
Alachua County,week 2,0
Alachua County,week 3,0
Alachua County,week 4,0
Alachua County,week 5,0
Alachua County,week 6,0
Alachua County,week 7,0
Alachua County,week 8,0
Alachua County,week 9,0
Alachua County,week 10,0
Alachua County,week 11,0
Alachua County,week 12,0
Alachua County,week 13,1
Alachua County,week 14,1
Alachua County,week 15,3
Alachua County,week 16,0
Alachua County,week 17,2
Alachua County,week 18,0
Alachua County,week 19,0
Alachua County,week 20,1
Alachua County,week 21,2
Alachua County,week 22,1
Alachua County,week 23,1
Alachua County,week 24,0
Alachua County,week 25,0
Alachua County,week 26,2
Alachua County,week 27,6
Alachua County,week 28,5
Alachua County,week 29,1
Alachua County,week 30,3
Alachua County,week 31,2
Alachua County,week 32,2
Alachua County,week 33,0
Alachua County,week 34,9
Alachua County,week 35,0
Baker County,week 1,0
Baker County,week 2,0
Baker County,week 3,0
Baker County,week 4,0
Baker County,week 5,0
Baker County,week 6,0
Baker County,week 7,0
Baker County,week 8,0
Baker County,week 9,0
Baker County,week 10,0
Baker County,week 11,1
Baker County,week 12,1
Baker County,week 13,1
Baker County,week 14,0
Baker County,week 15,0
Baker County,week 16,0
Baker County,week 17,0
Baker County,week 18,0
Baker County,week 19,0
Baker County,week 20,1
Baker County,week 21,0
Baker County,week 22,0
Baker County,week 23,0
Baker County,week 24,0
Baker County,week 25,0
Baker County,week 26,0
Baker County,week 27,0
Baker County,week 28,0
Baker County,week 29,0
Baker County,week 30,0
Baker County,week 31,0
Baker County,week 32,2
Baker County,week 33,0
Baker County,week 34,2
Baker County,week 35,3
Bay County,week 1,0
Bay County,week 2,0
Bay County,week 3,0
Bay County,week 4,0
Bay County,week 5,0
Bay County,week 6,0
Bay County,week 7,0
Bay County,week 8,0
Bay County,week 9,0
Bay County,week 10,0
Bay County,week 11,1
Bay County,week 12,1
Bay County,week 13,0
Bay County,week 14,0
Bay County,week 15,1
Bay County,week 16,0
Bay County,week 17,0
Bay County,week 18,0
Bay County,week 19,0
Bay County,week 20,1
Bay County,week 21,0
Bay County,week 22,0
Bay County,week 23,0
Bay County,week 24,1
Bay County,week 25,3
Bay County,week 26,3
Bay County,week 27,4
Bay County,week 28,22
Bay County,week 29,15
Bay County,week 30,15
Bay County,week 31,7
Bay County,week 32,5
Bay County,week 33,7
Bay County,week 34,7
Bay County,week 35,0
Bradford County,week 1,0
Bradford County,week 2,0
Bradford County,week 3,0
Bradford County,week 4,0
Bradford County,week 5,0
Bradford County,week 6,0
Bradford County,week 7,0
Bradford County,week 8,0
Bradford County,week 9,0
Bradford County,week 10,0
Bradford County,week 11,0
Bradford County,week 12,1
Bradford County,week 13,1
Bradford County,week 14,0
Bradford County,week 15,0
Bradford County,week 16,0
Bradford County,week 17,0
Bradford County,week 18,0
Bradford County,week 19,0
Bradford County,week 20,0
Bradford County,week 21,0
Bradford County,week 22,0
Bradford County,week 23,0
Bradford County,week 24,0
Bradford County,week 25,0
Bradford County,week 26,0
Bradford County,week 27,1
Bradford County,week 28,1
Bradford County,week 29,0
Bradford County,week 30,0
Bradford County,week 31,1
Bradford County,week 32,0
Bradford County,week 33,0
Bradford County,week 34,1
Bradford County,week 35,0
Brevard County,week 1,0
Brevard County,week 2,0
Brevard County,week 3,0
Brevard County,week 4,0
Brevard County,week 5,0
Brevard County,week 6,0
Brevard County,week 7,0
Brevard County,week 8,0
Brevard County,week 9,0
Brevard County,week 10,0
Brevard County,week 11,2
Brevard County,week 12,4
Brevard County,week 13,1
Brevard County,week 14,1
Brevard County,week 15,0
Brevard County,week 16,1
Brevard County,week 17,2
Brevard County,week 18,1
Brevard County,week 19,1
Brevard County,week 20,0
Brevard County,week 21,3
Brevard County,week 22,1
Brevard County,week 23,0
Brevard County,week 24,3
Brevard County,week 25,14
Brevard County,week 26,19
Brevard County,week 27,12
Brevard County,week 28,58
Brevard County,week 29,34
Brevard County,week 30,24
Brevard County,week 31,14
Brevard County,week 32,15
Brevard County,week 33,25
Brevard County,week 34,28
Brevard County,week 35,3
Broward County,week 1,0
Broward County,week 2,0
Broward County,week 3,0
Broward County,week 4,0
Broward County,week 5,0
Broward County,week 6,0
Broward County,week 7,0
Broward County,week 8,1
Broward County,week 9,2
Broward County,week 10,9
Broward County,week 11,42
Broward County,week 12,27
Broward County,week 13,45
Broward County,week 14,53
Broward County,week 15,36
Broward County,week 16,43
Broward County,week 17,24
Broward County,week 18,18
Broward County,week 19,17
Broward County,week 20,29
Broward County,week 21,12
Broward County,week 22,19
Broward County,week 23,6
Broward County,week 24,35
Broward County,week 25,46
Broward County,week 26,53
Broward County,week 27,90
Broward County,week 28,158
Broward County,week 29,91
Broward County,week 30,169
Broward County,week 31,122
Broward County,week 32,40
Broward County,week 33,47
Broward County,week 34,54
Broward County,week 35,9
Calhoun County,week 1,0
Calhoun County,week 2,0
Calhoun County,week 3,0
Calhoun County,week 4,0
Calhoun County,week 5,0
Calhoun County,week 6,0
Calhoun County,week 7,0
Calhoun County,week 8,0
Calhoun County,week 9,0
Calhoun County,week 10,0
Calhoun County,week 11,0
Calhoun County,week 12,0
Calhoun County,week 13,0
Calhoun County,week 14,0
Calhoun County,week 15,0
Calhoun County,week 16,0
Calhoun County,week 17,2
Calhoun County,week 18,1
Calhoun County,week 19,1
Calhoun County,week 20,0
Calhoun County,week 21,1
Calhoun County,week 22,1
Calhoun County,week 23,0
Calhoun County,week 24,0
Calhoun County,week 25,1
Calhoun County,week 26,0
Calhoun County,week 27,0
Calhoun County,week 28,0
Calhoun County,week 29,1
Calhoun County,week 30,0
Calhoun County,week 31,0
Calhoun County,week 32,1
Calhoun County,week 33,0
Calhoun County,week 34,0
Calhoun County,week 35,0
Charlotte County,week 1,0
Charlotte County,week 2,0
Charlotte County,week 3,0
Charlotte County,week 4,0
Charlotte County,week 5,0
Charlotte County,week 6,0
Charlotte County,week 7,0
Charlotte County,week 8,0
Charlotte County,week 9,0
Charlotte County,week 10,0
Charlotte County,week 11,1
Charlotte County,week 12,4
Charlotte County,week 13,6
Charlotte County,week 14,4
Charlotte County,week 15,11
Charlotte County,week 16,9
Charlotte County,week 17,9
Charlotte County,week 18,12
Charlotte County,week 19,9
Charlotte County,week 20,7
Charlotte County,week 21,1
Charlotte County,week 22,2
Charlotte County,week 23,1
Charlotte County,week 24,1
Charlotte County,week 25,2
Charlotte County,week 26,3
Charlotte County,week 27,2
Charlotte County,week 28,5
Charlotte County,week 29,5
Charlotte County,week 30,9
Charlotte County,week 31,5
Charlotte County,week 32,4
Charlotte County,week 33,5
Charlotte County,week 34,8
Charlotte County,week 35,3
Citrus County,week 1,0
Citrus County,week 2,0
Citrus County,week 3,0
Citrus County,week 4,0
Citrus County,week 5,0
Citrus County,week 6,0
Citrus County,week 7,0
Citrus County,week 8,0
Citrus County,week 9,0
Citrus County,week 10,2
Citrus County,week 11,0
Citrus County,week 12,5
Citrus County,week 13,1
Citrus County,week 14,3
Citrus County,week 15,0
Citrus County,week 16,0
Citrus County,week 17,1
Citrus County,week 18,0
Citrus County,week 19,0
Citrus County,week 20,0
Citrus County,week 21,0
Citrus County,week 22,0
Citrus County,week 23,1
Citrus County,week 24,0
Citrus County,week 25,3
Citrus County,week 26,1
Citrus County,week 27,3
Citrus County,week 28,14
Citrus County,week 29,3
Citrus County,week 30,6
Citrus County,week 31,7
Citrus County,week 32,9
Citrus County,week 33,5
Citrus County,week 34,11
Citrus County,week 35,1
Clay County,week 1,0
Clay County,week 2,0
Clay County,week 3,0
Clay County,week 4,0
Clay County,week 5,0
Clay County,week 6,0
Clay County,week 7,0
Clay County,week 8,0
Clay County,week 9,2
Clay County,week 10,3
Clay County,week 11,2
Clay County,week 12,2
Clay County,week 13,2
Clay County,week 14,3
Clay County,week 15,4
Clay County,week 16,4
Clay County,week 17,3
Clay County,week 18,2
Clay County,week 19,3
Clay County,week 20,2
Clay County,week 21,0
Clay County,week 22,1
Clay County,week 23,1
Clay County,week 24,0
Clay County,week 25,5
Clay County,week 26,4
Clay County,week 27,4
Clay County,week 28,2
Clay County,week 29,3
Clay County,week 30,17
Clay County,week 31,4
Clay County,week 32,4
Clay County,week 33,2
Clay County,week 34,9
Clay County,week 35,1
Collier County,week 1,0
Collier County,week 2,0
Collier County,week 3,0
Collier County,week 4,0
Collier County,week 5,0
Collier County,week 6,0
Collier County,week 7,0
Collier County,week 8,0
Collier County,week 9,0
Collier County,week 10,1
Collier County,week 11,2
Collier County,week 12,2
Collier County,week 13,5
Collier County,week 14,6
Collier County,week 15,9
Collier County,week 16,7
Collier County,week 17,8
Collier County,week 18,6
Collier County,week 19,3
Collier County,week 20,8
Collier County,week 21,3
Collier County,week 22,5
Collier County,week 23,9
Collier County,week 24,11
Collier County,week 25,11
Collier County,week 26,13
Collier County,week 27,9
Collier County,week 28,11
Collier County,week 29,14
Collier County,week 30,16
Collier County,week 31,7
Collier County,week 32,11
Collier County,week 33,7
Collier County,week 34,9
Collier County,week 35,1
Columbia County,week 1,0
Columbia County,week 2,0
Columbia County,week 3,0
Columbia County,week 4,0
Columbia County,week 5,0
Columbia County,week 6,0
Columbia County,week 7,0
Columbia County,week 8,0
Columbia County,week 9,0
Columbia County,week 10,0
Columbia County,week 11,0
Columbia County,week 12,0
Columbia County,week 13,0
Columbia County,week 14,2
Columbia County,week 15,0
Columbia County,week 16,0
Columbia County,week 17,0
Columbia County,week 18,0
Columbia County,week 19,0
Columbia County,week 20,0
Columbia County,week 21,0
Columbia County,week 22,1
Columbia County,week 23,0
Columbia County,week 24,1
Columbia County,week 25,0
Columbia County,week 26,1
Columbia County,week 27,5
Columbia County,week 28,3
Columbia County,week 29,3
Columbia County,week 30,10
Columbia County,week 31,5
Columbia County,week 32,7
Columbia County,week 33,1
Columbia County,week 34,6
Columbia County,week 35,5
DeSoto County,week 1,0
DeSoto County,week 2,0
DeSoto County,week 3,0
DeSoto County,week 4,0
DeSoto County,week 5,0
DeSoto County,week 6,0
DeSoto County,week 7,0
DeSoto County,week 8,0
DeSoto County,week 9,0
DeSoto County,week 10,1
DeSoto County,week 11,2
DeSoto County,week 12,0
DeSoto County,week 13,1
DeSoto County,week 14,0
DeSoto County,week 15,0
DeSoto County,week 16,2
DeSoto County,week 17,1
DeSoto County,week 18,0
DeSoto County,week 19,0
DeSoto County,week 20,0
DeSoto County,week 21,3
DeSoto County,week 22,0
DeSoto County,week 23,0
DeSoto County,week 24,0
DeSoto County,week 25,1
DeSoto County,week 26,3
DeSoto County,week 27,0
DeSoto County,week 28,2
DeSoto County,week 29,2
DeSoto County,week 30,3
DeSoto County,week 31,0
DeSoto County,week 32,1
DeSoto County,week 33,0
DeSoto County,week 34,1
DeSoto County,week 35,0
Dixie County,week 1,0
Dixie County,week 2,0
Dixie County,week 3,0
Dixie County,week 4,0
Dixie County,week 5,0
Dixie County,week 6,0
Dixie County,week 7,0
Dixie County,week 8,0
Dixie County,week 9,0
Dixie County,week 10,0
Dixie County,week 11,0
Dixie County,week 12,0
Dixie County,week 13,0
Dixie County,week 14,0
Dixie County,week 15,0
Dixie County,week 16,0
Dixie County,week 17,1
Dixie County,week 18,0
Dixie County,week 19,1
Dixie County,week 20,0
Dixie County,week 21,1
Dixie County,week 22,0
Dixie County,week 23,1
Dixie County,week 24,0
Dixie County,week 25,0
Dixie County,week 26,0
Dixie County,week 27,0
Dixie County,week 28,0
Dixie County,week 29,0
Dixie County,week 30,0
Dixie County,week 31,0
Dixie County,week 32,0
Dixie County,week 33,0
Dixie County,week 34,1
Dixie County,week 35,0
Duval County,week 1,0
Duval County,week 2,0
Duval County,week 3,0
Duval County,week 4,0
Duval County,week 5,0
Duval County,week 6,0
Duval County,week 7,0
Duval County,week 8,0
Duval County,week 9,3
Duval County,week 10,1
Duval County,week 11,6
Duval County,week 12,4
Duval County,week 13,3
Duval County,week 14,3
Duval County,week 15,6
Duval County,week 16,3
Duval County,week 17,7
Duval County,week 18,8
Duval County,week 19,7
Duval County,week 20,3
Duval County,week 21,5
Duval County,week 22,3
Duval County,week 23,2
Duval County,week 24,6
Duval County,week 25,17
Duval County,week 26,18
Duval County,week 27,38
Duval County,week 28,19
Duval County,week 29,36
Duval County,week 30,32
Duval County,week 31,13
Duval County,week 32,16
Duval County,week 33,13
Duval County,week 34,54
Duval County,week 35,10
Escambia County,week 1,0
Escambia County,week 2,0
Escambia County,week 3,0
Escambia County,week 4,0
Escambia County,week 5,0
Escambia County,week 6,0
Escambia County,week 7,0
Escambia County,week 8,0
Escambia County,week 9,0
Escambia County,week 10,0
Escambia County,week 11,2
Escambia County,week 12,2
Escambia County,week 13,6
Escambia County,week 14,1
Escambia County,week 15,3
Escambia County,week 16,5
Escambia County,week 17,2
Escambia County,week 18,5
Escambia County,week 19,8
Escambia County,week 20,2
Escambia County,week 21,2
Escambia County,week 22,5
Escambia County,week 23,1
Escambia County,week 24,4
Escambia County,week 25,6
Escambia County,week 26,8
Escambia County,week 27,20
Escambia County,week 28,19
Escambia County,week 29,30
Escambia County,week 30,28
Escambia County,week 31,19
Escambia County,week 32,10
Escambia County,week 33,5
Escambia County,week 34,17
Escambia County,week 35,3
Flagler County,week 1,0
Flagler County,week 2,0
Flagler County,week 3,0
Flagler County,week 4,0
Flagler County,week 5,0
Flagler County,week 6,0
Flagler County,week 7,0
Flagler County,week 8,0
Flagler County,week 9,0
Flagler County,week 10,0
Flagler County,week 11,1
Flagler County,week 12,1
Flagler County,week 13,0
Flagler County,week 14,0
Flagler County,week 15,1
Flagler County,week 16,1
Flagler County,week 17,0
Flagler County,week 18,0
Flagler County,week 19,0
Flagler County,week 20,0
Flagler County,week 21,1
Flagler County,week 22,0
Flagler County,week 23,0
Flagler County,week 24,0
Flagler County,week 25,0
Flagler County,week 26,2
Flagler County,week 27,1
Flagler County,week 28,5
Flagler County,week 29,0
Flagler County,week 30,1
Flagler County,week 31,1
Flagler County,week 32,0
Flagler County,week 33,1
Flagler County,week 34,3
Flagler County,week 35,2
Franklin County,week 1,0
Franklin County,week 2,0
Franklin County,week 3,0
Franklin County,week 4,0
Franklin County,week 5,0
Franklin County,week 6,0
Franklin County,week 7,0
Franklin County,week 8,0
Franklin County,week 9,0
Franklin County,week 10,0
Franklin County,week 11,0
Franklin County,week 12,0
Franklin County,week 13,0
Franklin County,week 14,0
Franklin County,week 15,0
Franklin County,week 16,0
Franklin County,week 17,0
Franklin County,week 18,0
Franklin County,week 19,0
Franklin County,week 20,0
Franklin County,week 21,0
Franklin County,week 22,0
Franklin County,week 23,0
Franklin County,week 24,0
Franklin County,week 25,0
Franklin County,week 26,0
Franklin County,week 27,1
Franklin County,week 28,1
Franklin County,week 29,0
Franklin County,week 30,1
Franklin County,week 31,0
Franklin County,week 32,0
Franklin County,week 33,0
Franklin County,week 34,0
Franklin County,week 35,0
Gadsden County,week 1,0
Gadsden County,week 2,0
Gadsden County,week 3,0
Gadsden County,week 4,0
Gadsden County,week 5,0
Gadsden County,week 6,0
Gadsden County,week 7,0
Gadsden County,week 8,0
Gadsden County,week 9,0
Gadsden County,week 10,0
Gadsden County,week 11,0
Gadsden County,week 12,0
Gadsden County,week 13,0
Gadsden County,week 14,0
Gadsden County,week 15,0
Gadsden County,week 16,0
Gadsden County,week 17,1
Gadsden County,week 18,0
Gadsden County,week 19,2
Gadsden County,week 20,1
Gadsden County,week 21,1
Gadsden County,week 22,1
Gadsden County,week 23,1
Gadsden County,week 24,0
Gadsden County,week 25,1
Gadsden County,week 26,4
Gadsden County,week 27,1
Gadsden County,week 28,8
Gadsden County,week 29,0
Gadsden County,week 30,8
Gadsden County,week 31,1
Gadsden County,week 32,1
Gadsden County,week 33,2
Gadsden County,week 34,11
Gadsden County,week 35,0
Gilchrist County,week 1,0
Gilchrist County,week 2,0
Gilchrist County,week 3,0
Gilchrist County,week 4,0
Gilchrist County,week 5,0
Gilchrist County,week 6,0
Gilchrist County,week 7,0
Gilchrist County,week 8,0
Gilchrist County,week 9,0
Gilchrist County,week 10,0
Gilchrist County,week 11,0
Gilchrist County,week 12,0
Gilchrist County,week 13,0
Gilchrist County,week 14,0
Gilchrist County,week 15,0
Gilchrist County,week 16,0
Gilchrist County,week 17,0
Gilchrist County,week 18,0
Gilchrist County,week 19,0
Gilchrist County,week 20,0
Gilchrist County,week 21,0
Gilchrist County,week 22,0
Gilchrist County,week 23,0
Gilchrist County,week 24,0
Gilchrist County,week 25,0
Gilchrist County,week 26,0
Gilchrist County,week 27,1
Gilchrist County,week 28,2
Gilchrist County,week 29,3
Gilchrist County,week 30,2
Gilchrist County,week 31,1
Gilchrist County,week 32,1
Gilchrist County,week 33,0
Gilchrist County,week 34,2
Gilchrist County,week 35,0
Glades County,week 1,0
Glades County,week 2,0
Glades County,week 3,0
Glades County,week 4,0
Glades County,week 5,0
Glades County,week 6,0
Glades County,week 7,0
Glades County,week 8,0
Glades County,week 9,0
Glades County,week 10,1
Glades County,week 11,0
Glades County,week 12,0
Glades County,week 13,0
Glades County,week 14,0
Glades County,week 15,0
Glades County,week 16,0
Glades County,week 17,0
Glades County,week 18,0
Glades County,week 19,0
Glades County,week 20,0
Glades County,week 21,0
Glades County,week 22,0
Glades County,week 23,0
Glades County,week 24,0
Glades County,week 25,0
Glades County,week 26,1
Glades County,week 27,1
Glades County,week 28,0
Glades County,week 29,0
Glades County,week 30,0
Glades County,week 31,0
Glades County,week 32,0
Glades County,week 33,1
Glades County,week 34,0
Glades County,week 35,0
Gulf County,week 1,0
Gulf County,week 2,0
Gulf County,week 3,0
Gulf County,week 4,0
Gulf County,week 5,0
Gulf County,week 6,0
Gulf County,week 7,0
Gulf County,week 8,0
Gulf County,week 9,0
Gulf County,week 10,0
Gulf County,week 11,0
Gulf County,week 12,0
Gulf County,week 13,0
Gulf County,week 14,0
Gulf County,week 15,0
Gulf County,week 16,0
Gulf County,week 17,0
Gulf County,week 18,0
Gulf County,week 19,0
Gulf County,week 20,0
Gulf County,week 21,0
Gulf County,week 22,0
Gulf County,week 23,0
Gulf County,week 24,0
Gulf County,week 25,0
Gulf County,week 26,0
Gulf County,week 27,0
Gulf County,week 28,2
Gulf County,week 29,0
Gulf County,week 30,3
Gulf County,week 31,3
Gulf County,week 32,4
Gulf County,week 33,1
Gulf County,week 34,0
Gulf County,week 35,0
Hamilton County,week 1,0
Hamilton County,week 2,0
Hamilton County,week 3,0
Hamilton County,week 4,0
Hamilton County,week 5,0
Hamilton County,week 6,0
Hamilton County,week 7,0
Hamilton County,week 8,0
Hamilton County,week 9,0
Hamilton County,week 10,0
Hamilton County,week 11,0
Hamilton County,week 12,0
Hamilton County,week 13,0
Hamilton County,week 14,0
Hamilton County,week 15,0
Hamilton County,week 16,0
Hamilton County,week 17,0
Hamilton County,week 18,0
Hamilton County,week 19,0
Hamilton County,week 20,1
Hamilton County,week 21,1
Hamilton County,week 22,0
Hamilton County,week 23,0
Hamilton County,week 24,0
Hamilton County,week 25,0
Hamilton County,week 26,0
Hamilton County,week 27,0
Hamilton County,week 28,1
Hamilton County,week 29,1
Hamilton County,week 30,0
Hamilton County,week 31,0
Hamilton County,week 32,2
Hamilton County,week 33,1
Hamilton County,week 34,1
Hamilton County,week 35,0
Hardee County,week 1,0
Hardee County,week 2,0
Hardee County,week 3,0
Hardee County,week 4,0
Hardee County,week 5,0
Hardee County,week 6,0
Hardee County,week 7,0
Hardee County,week 8,0
Hardee County,week 9,0
Hardee County,week 10,0
Hardee County,week 11,0
Hardee County,week 12,0
Hardee County,week 13,0
Hardee County,week 14,0
Hardee County,week 15,0
Hardee County,week 16,0
Hardee County,week 17,0
Hardee County,week 18,0
Hardee County,week 19,0
Hardee County,week 20,0
Hardee County,week 21,1
Hardee County,week 22,1
Hardee County,week 23,1
Hardee County,week 24,0
Hardee County,week 25,1
Hardee County,week 26,0
Hardee County,week 27,1
Hardee County,week 28,2
Hardee County,week 29,0
Hardee County,week 30,1
Hardee County,week 31,1
Hardee County,week 32,0
Hardee County,week 33,0
Hardee County,week 34,0
Hardee County,week 35,1
Hendry County,week 1,0
Hendry County,week 2,0
Hendry County,week 3,0
Hendry County,week 4,0
Hendry County,week 5,0
Hendry County,week 6,0
Hendry County,week 7,0
Hendry County,week 8,0
Hendry County,week 9,0
Hendry County,week 10,0
Hendry County,week 11,0
Hendry County,week 12,0
Hendry County,week 13,1
Hendry County,week 14,1
Hendry County,week 15,3
Hendry County,week 16,1
Hendry County,week 17,6
Hendry County,week 18,0
Hendry County,week 19,4
Hendry County,week 20,3
Hendry County,week 21,1
Hendry County,week 22,4
Hendry County,week 23,1
Hendry County,week 24,2
Hendry County,week 25,3
Hendry County,week 26,1
Hendry County,week 27,3
Hendry County,week 28,3
Hendry County,week 29,1
Hendry County,week 30,1
Hendry County,week 31,0
Hendry County,week 32,0
Hendry County,week 33,0
Hendry County,week 34,3
Hendry County,week 35,0
Hernando County,week 1,0
Hernando County,week 2,0
Hernando County,week 3,0
Hernando County,week 4,0
Hernando County,week 5,0
Hernando County,week 6,0
Hernando County,week 7,0
Hernando County,week 8,0
Hernando County,week 9,0
Hernando County,week 10,0
Hernando County,week 11,1
Hernando County,week 12,1
Hernando County,week 13,1
Hernando County,week 14,1
Hernando County,week 15,1
Hernando County,week 16,0
Hernando County,week 17,0
Hernando County,week 18,0
Hernando County,week 19,0
Hernando County,week 20,0
Hernando County,week 21,0
Hernando County,week 22,0
Hernando County,week 23,0
Hernando County,week 24,1
Hernando County,week 25,4
Hernando County,week 26,4
Hernando County,week 27,8
Hernando County,week 28,15
Hernando County,week 29,13
Hernando County,week 30,11
Hernando County,week 31,16
Hernando County,week 32,8
Hernando County,week 33,14
Hernando County,week 34,8
Hernando County,week 35,1
Highlands County,week 1,0
Highlands County,week 2,0
Highlands County,week 3,0
Highlands County,week 4,0
Highlands County,week 5,0
Highlands County,week 6,0
Highlands County,week 7,0
Highlands County,week 8,0
Highlands County,week 9,0
Highlands County,week 10,1
Highlands County,week 11,1
Highlands County,week 12,3
Highlands County,week 13,2
Highlands County,week 14,0
Highlands County,week 15,0
Highlands County,week 16,1
Highlands County,week 17,0
Highlands County,week 18,0
Highlands County,week 19,1
Highlands County,week 20,0
Highlands County,week 21,0
Highlands County,week 22,1
Highlands County,week 23,1
Highlands County,week 24,1
Highlands County,week 25,1
Highlands County,week 26,3
Highlands County,week 27,6
Highlands County,week 28,8
Highlands County,week 29,7
Highlands County,week 30,5
Highlands County,week 31,15
Highlands County,week 32,10
Highlands County,week 33,2
Highlands County,week 34,10
Highlands County,week 35,1
Hillsborough County,week 1,0
Hillsborough County,week 2,0
Hillsborough County,week 3,0
Hillsborough County,week 4,0
Hillsborough County,week 5,0
Hillsborough County,week 6,0
Hillsborough County,week 7,0
Hillsborough County,week 8,0
Hillsborough County,week 9,0
Hillsborough County,week 10,3
Hillsborough County,week 11,4
Hillsborough County,week 12,11
Hillsborough County,week 13,2
Hillsborough County,week 14,2
Hillsborough County,week 15,10
Hillsborough County,week 16,9
Hillsborough County,week 17,19
Hillsborough County,week 18,12
Hillsborough County,week 19,9
Hillsborough County,week 20,12
Hillsborough County,week 21,10
Hillsborough County,week 22,16
Hillsborough County,week 23,19
Hillsborough County,week 24,25
Hillsborough County,week 25,26
Hillsborough County,week 26,55
Hillsborough County,week 27,54
Hillsborough County,week 28,71
Hillsborough County,week 29,26
Hillsborough County,week 30,95
Hillsborough County,week 31,44
Hillsborough County,week 32,17
Hillsborough County,week 33,14
Hillsborough County,week 34,26
Hillsborough County,week 35,5
Holmes County,week 1,0
Holmes County,week 2,0
Holmes County,week 3,0
Holmes County,week 4,0
Holmes County,week 5,0
Holmes County,week 6,0
Holmes County,week 7,0
Holmes County,week 8,0
Holmes County,week 9,0
Holmes County,week 10,0
Holmes County,week 11,0
Holmes County,week 12,0
Holmes County,week 13,0
Holmes County,week 14,0
Holmes County,week 15,0
Holmes County,week 16,0
Holmes County,week 17,0
Holmes County,week 18,0
Holmes County,week 19,0
Holmes County,week 20,0
Holmes County,week 21,0
Holmes County,week 22,0
Holmes County,week 23,0
Holmes County,week 24,0
Holmes County,week 25,1
Holmes County,week 26,0
Holmes County,week 27,0
Holmes County,week 28,1
Holmes County,week 29,1
Holmes County,week 30,1
Holmes County,week 31,0
Holmes County,week 32,1
Holmes County,week 33,0
Holmes County,week 34,0
Holmes County,week 35,0
Indian River County,week 1,0
Indian River County,week 2,0
Indian River County,week 3,0
Indian River County,week 4,0
Indian River County,week 5,0
Indian River County,week 6,0
Indian River County,week 7,0
Indian River County,week 8,0
Indian River County,week 9,0
Indian River County,week 10,0
Indian River County,week 11,0
Indian River County,week 12,1
Indian River County,week 13,3
Indian River County,week 14,2
Indian River County,week 15,2
Indian River County,week 16,1
Indian River County,week 17,0
Indian River County,week 18,0
Indian River County,week 19,1
Indian River County,week 20,1
Indian River County,week 21,1
Indian River County,week 22,3
Indian River County,week 23,1
Indian River County,week 24,1
Indian River County,week 25,5
Indian River County,week 26,5
Indian River County,week 27,8
Indian River County,week 28,15
Indian River County,week 29,7
Indian River County,week 30,10
Indian River County,week 31,20
Indian River County,week 32,15
Indian River County,week 33,2
Indian River County,week 34,3
Indian River County,week 35,1
Jackson County,week 1,0
Jackson County,week 2,0
Jackson County,week 3,0
Jackson County,week 4,0
Jackson County,week 5,0
Jackson County,week 6,0
Jackson County,week 7,0
Jackson County,week 8,0
Jackson County,week 9,0
Jackson County,week 10,0
Jackson County,week 11,0
Jackson County,week 12,0
Jackson County,week 13,0
Jackson County,week 14,0
Jackson County,week 15,0
Jackson County,week 16,0
Jackson County,week 17,0
Jackson County,week 18,0
Jackson County,week 19,1
Jackson County,week 20,0
Jackson County,week 21,0
Jackson County,week 22,1
Jackson County,week 23,0
Jackson County,week 24,0
Jackson County,week 25,0
Jackson County,week 26,13
Jackson County,week 27,4
Jackson County,week 28,14
Jackson County,week 29,8
Jackson County,week 30,12
Jackson County,week 31,12
Jackson County,week 32,1
Jackson County,week 33,4
Jackson County,week 34,3
Jackson County,week 35,1
Jefferson County,week 1,0
Jefferson County,week 2,0
Jefferson County,week 3,0
Jefferson County,week 4,0
Jefferson County,week 5,0
Jefferson County,week 6,0
Jefferson County,week 7,0
Jefferson County,week 8,0
Jefferson County,week 9,0
Jefferson County,week 10,0
Jefferson County,week 11,0
Jefferson County,week 12,1
Jefferson County,week 13,0
Jefferson County,week 14,1
Jefferson County,week 15,0
Jefferson County,week 16,0
Jefferson County,week 17,0
Jefferson County,week 18,1
Jefferson County,week 19,0
Jefferson County,week 20,1
Jefferson County,week 21,0
Jefferson County,week 22,0
Jefferson County,week 23,0
Jefferson County,week 24,0
Jefferson County,week 25,0
Jefferson County,week 26,1
Jefferson County,week 27,0
Jefferson County,week 28,0
Jefferson County,week 29,0
Jefferson County,week 30,0
Jefferson County,week 31,0
Jefferson County,week 32,1
Jefferson County,week 33,1
Jefferson County,week 34,1
Jefferson County,week 35,0
Lafayette County,week 1,0
Lafayette County,week 2,0
Lafayette County,week 3,0
Lafayette County,week 4,0
Lafayette County,week 5,0
Lafayette County,week 6,0
Lafayette County,week 7,0
Lafayette County,week 8,0
Lafayette County,week 9,0
Lafayette County,week 10,0
Lafayette County,week 11,0
Lafayette County,week 12,0
Lafayette County,week 13,0
Lafayette County,week 14,0
Lafayette County,week 15,0
Lafayette County,week 16,0
Lafayette County,week 17,0
Lafayette County,week 18,0
Lafayette County,week 19,0
Lafayette County,week 20,0
Lafayette County,week 21,0
Lafayette County,week 22,0
Lafayette County,week 23,0
Lafayette County,week 24,0
Lafayette County,week 25,0
Lafayette County,week 26,0
Lafayette County,week 27,0
Lafayette County,week 28,1
Lafayette County,week 29,1
Lafayette County,week 30,2
Lafayette County,week 31,0
Lafayette County,week 32,6
Lafayette County,week 33,0
Lafayette County,week 34,0
Lafayette County,week 35,1
Lake County,week 1,0
Lake County,week 2,0
Lake County,week 3,0
Lake County,week 4,0
Lake County,week 5,0
Lake County,week 6,0
Lake County,week 7,0
Lake County,week 8,0
Lake County,week 9,0
Lake County,week 10,0
Lake County,week 11,2
Lake County,week 12,2
Lake County,week 13,3
Lake County,week 14,3
Lake County,week 15,4
Lake County,week 16,0
Lake County,week 17,0
Lake County,week 18,1
Lake County,week 19,0
Lake County,week 20,0
Lake County,week 21,1
Lake County,week 22,5
Lake County,week 23,1
Lake County,week 24,3
Lake County,week 25,2
Lake County,week 26,9
Lake County,week 27,12
Lake County,week 28,4
Lake County,week 29,16
Lake County,week 30,21
Lake County,week 31,7
Lake County,week 32,22
Lake County,week 33,10
Lake County,week 34,28
Lake County,week 35,2
Lee County,week 1,0
Lee County,week 2,0
Lee County,week 3,0
Lee County,week 4,0
Lee County,week 5,0
Lee County,week 6,0
Lee County,week 7,1
Lee County,week 8,1
Lee County,week 9,0
Lee County,week 10,6
Lee County,week 11,6
Lee County,week 12,5
Lee County,week 13,10
Lee County,week 14,11
Lee County,week 15,9
Lee County,week 16,20
Lee County,week 17,19
Lee County,week 18,5
Lee County,week 19,19
Lee County,week 20,12
Lee County,week 21,12
Lee County,week 22,12
Lee County,week 23,10
Lee County,week 24,13
Lee County,week 25,32
Lee County,week 26,41
Lee County,week 27,15
Lee County,week 28,53
Lee County,week 29,39
Lee County,week 30,33
Lee County,week 31,22
Lee County,week 32,20
Lee County,week 33,15
Lee County,week 34,10
Lee County,week 35,2
Leon County,week 1,0
Leon County,week 2,0
Leon County,week 3,0
Leon County,week 4,0
Leon County,week 5,0
Leon County,week 6,0
Leon County,week 7,0
Leon County,week 8,0
Leon County,week 9,0
Leon County,week 10,0
Leon County,week 11,0
Leon County,week 12,0
Leon County,week 13,1
Leon County,week 14,2
Leon County,week 15,2
Leon County,week 16,1
Leon County,week 17,0
Leon County,week 18,0
Leon County,week 19,1
Leon County,week 20,0
Leon County,week 21,1
Leon County,week 22,0
Leon County,week 23,0
Leon County,week 24,0
Leon County,week 25,2
Leon County,week 26,1
Leon County,week 27,3
Leon County,week 28,1
Leon County,week 29,11
Leon County,week 30,1
Leon County,week 31,3
Leon County,week 32,5
Leon County,week 33,5
Leon County,week 34,6
Leon County,week 35,0
Levy County,week 1,0
Levy County,week 2,0
Levy County,week 3,0
Levy County,week 4,0
Levy County,week 5,0
Levy County,week 6,0
Levy County,week 7,0
Levy County,week 8,0
Levy County,week 9,0
Levy County,week 10,0
Levy County,week 11,0
Levy County,week 12,0
Levy County,week 13,0
Levy County,week 14,0
Levy County,week 15,0
Levy County,week 16,0
Levy County,week 17,0
Levy County,week 18,0
Levy County,week 19,1
Levy County,week 20,0
Levy County,week 21,0
Levy County,week 22,0
Levy County,week 23,0
Levy County,week 24,0
Levy County,week 25,1
Levy County,week 26,0
Levy County,week 27,0
Levy County,week 28,2
Levy County,week 29,1
Levy County,week 30,0
Levy County,week 31,1
Levy County,week 32,0
Levy County,week 33,2
Levy County,week 34,0
Levy County,week 35,0
Liberty County,week 1,0
Liberty County,week 2,0
Liberty County,week 3,0
Liberty County,week 4,0
Liberty County,week 5,0
Liberty County,week 6,0
Liberty County,week 7,0
Liberty County,week 8,0
Liberty County,week 9,0
Liberty County,week 10,0
Liberty County,week 11,0
Liberty County,week 12,0
Liberty County,week 13,0
Liberty County,week 14,0
Liberty County,week 15,0
Liberty County,week 16,0
Liberty County,week 17,0
Liberty County,week 18,0
Liberty County,week 19,1
Liberty County,week 20,0
Liberty County,week 21,0
Liberty County,week 22,0
Liberty County,week 23,0
Liberty County,week 24,0
Liberty County,week 25,0
Liberty County,week 26,1
Liberty County,week 27,0
Liberty County,week 28,0
Liberty County,week 29,5
Liberty County,week 30,0
Liberty County,week 31,0
Liberty County,week 32,0
Liberty County,week 33,0
Liberty County,week 34,0
Liberty County,week 35,0
Madison County,week 1,0
Madison County,week 2,0
Madison County,week 3,0
Madison County,week 4,0
Madison County,week 5,0
Madison County,week 6,0
Madison County,week 7,0
Madison County,week 8,0
Madison County,week 9,0
Madison County,week 10,0
Madison County,week 11,0
Madison County,week 12,0
Madison County,week 13,2
Madison County,week 14,0
Madison County,week 15,1
Madison County,week 16,0
Madison County,week 17,0
Madison County,week 18,0
Madison County,week 19,0
Madison County,week 20,0
Madison County,week 21,0
Madison County,week 22,0
Madison County,week 23,0
Madison County,week 24,1
Madison County,week 25,0
Madison County,week 26,0
Madison County,week 27,2
Madison County,week 28,2
Madison County,week 29,0
Madison County,week 30,4
Madison County,week 31,0
Madison County,week 32,3
Madison County,week 33,1
Madison County,week 34,0
Madison County,week 35,1
Manatee County,week 1,0
Manatee County,week 2,0
Manatee County,week 3,0
Manatee County,week 4,0
Manatee County,week 5,0
Manatee County,week 6,0
Manatee County,week 7,0
Manatee County,week 8,1
Manatee County,week 9,0
Manatee County,week 10,1
Manatee County,week 11,5
Manatee County,week 12,12
Manatee County,week 13,15
Manatee County,week 14,12
Manatee County,week 15,15
Manatee County,week 16,13
Manatee County,week 17,8
Manatee County,week 18,9
Manatee County,week 19,7
Manatee County,week 20,13
Manatee County,week 21,5
Manatee County,week 22,11
Manatee County,week 23,2
Manatee County,week 24,6
Manatee County,week 25,4
Manatee County,week 26,10
Manatee County,week 27,7
Manatee County,week 28,31
Manatee County,week 29,47
Manatee County,week 30,13
Manatee County,week 31,3
Manatee County,week 32,10
Manatee County,week 33,6
Manatee County,week 34,8
Manatee County,week 35,3
Marion County,week 1,0
Marion County,week 2,0
Marion County,week 3,0
Marion County,week 4,0
Marion County,week 5,0
Marion County,week 6,0
Marion County,week 7,0
Marion County,week 8,0
Marion County,week 9,0
Marion County,week 10,0
Marion County,week 11,2
Marion County,week 12,1
Marion County,week 13,0
Marion County,week 14,1
Marion County,week 15,1
Marion County,week 16,0
Marion County,week 17,0
Marion County,week 18,0
Marion County,week 19,2
Marion County,week 20,1
Marion County,week 21,0
Marion County,week 22,2
Marion County,week 23,0
Marion County,week 24,2
Marion County,week 25,3
Marion County,week 26,18
Marion County,week 27,17
Marion County,week 28,26
Marion County,week 29,26
Marion County,week 30,16
Marion County,week 31,30
Marion County,week 32,39
Marion County,week 33,38
Marion County,week 34,28
Marion County,week 35,4
Martin County,week 1,0
Martin County,week 2,0
Martin County,week 3,0
Martin County,week 4,0
Martin County,week 5,0
Martin County,week 6,0
Martin County,week 7,0
Martin County,week 8,0
Martin County,week 9,0
Martin County,week 10,0
Martin County,week 11,0
Martin County,week 12,4
Martin County,week 13,0
Martin County,week 14,1
Martin County,week 15,1
Martin County,week 16,0
Martin County,week 17,2
Martin County,week 18,1
Martin County,week 19,1
Martin County,week 20,5
Martin County,week 21,3
Martin County,week 22,4
Martin County,week 23,3
Martin County,week 24,6
Martin County,week 25,11
Martin County,week 26,12
Martin County,week 27,11
Martin County,week 28,15
Martin County,week 29,19
Martin County,week 30,5
Martin County,week 31,8
Martin County,week 32,6
Martin County,week 33,2
Martin County,week 34,9
Martin County,week 35,2
Miami-Dade County,week 1,0
Miami-Dade County,week 2,0
Miami-Dade County,week 3,0
Miami-Dade County,week 4,0
Miami-Dade County,week 5,0
Miami-Dade County,week 6,0
Miami-Dade County,week 7,0
Miami-Dade County,week 8,0
Miami-Dade County,week 9,0
Miami-Dade County,week 10,7
Miami-Dade County,week 11,40
Miami-Dade County,week 12,96
Miami-Dade County,week 13,90
Miami-Dade County,week 14,91
Miami-Dade County,week 15,83
Miami-Dade County,week 16,98
Miami-Dade County,week 17,73
Miami-Dade County,week 18,55
Miami-Dade County,week 19,89
Miami-Dade County,week 20,52
Miami-Dade County,week 21,73
Miami-Dade County,week 22,55
Miami-Dade County,week 23,89
Miami-Dade County,week 24,66
Miami-Dade County,week 25,118
Miami-Dade County,week 26,150
Miami-Dade County,week 27,79
Miami-Dade County,week 28,320
Miami-Dade County,week 29,185
Miami-Dade County,week 30,217
Miami-Dade County,week 31,151
Miami-Dade County,week 32,260
Miami-Dade County,week 33,129
Miami-Dade County,week 34,257
Miami-Dade County,week 35,32
Monroe County,week 1,0
Monroe County,week 2,0
Monroe County,week 3,0
Monroe County,week 4,0
Monroe County,week 5,0
Monroe County,week 6,0
Monroe County,week 7,0
Monroe County,week 8,0
Monroe County,week 9,0
Monroe County,week 10,0
Monroe County,week 11,2
Monroe County,week 12,1
Monroe County,week 13,0
Monroe County,week 14,0
Monroe County,week 15,0
Monroe County,week 16,0
Monroe County,week 17,0
Monroe County,week 18,1
Monroe County,week 19,0
Monroe County,week 20,0
Monroe County,week 21,0
Monroe County,week 22,0
Monroe County,week 23,0
Monroe County,week 24,1
Monroe County,week 25,1
Monroe County,week 26,0
Monroe County,week 27,0
Monroe County,week 28,7
Monroe County,week 29,0
Monroe County,week 30,0
Monroe County,week 31,1
Monroe County,week 32,2
Monroe County,week 33,3
Monroe County,week 34,1
Monroe County,week 35,0
Nassau County,week 1,0
Nassau County,week 2,0
Nassau County,week 3,0
Nassau County,week 4,0
Nassau County,week 5,0
Nassau County,week 6,0
Nassau County,week 7,0
Nassau County,week 8,0
Nassau County,week 9,0
Nassau County,week 10,0
Nassau County,week 11,0
Nassau County,week 12,0
Nassau County,week 13,0
Nassau County,week 14,0
Nassau County,week 15,1
Nassau County,week 16,0
Nassau County,week 17,0
Nassau County,week 18,0
Nassau County,week 19,0
Nassau County,week 20,0
Nassau County,week 21,0
Nassau County,week 22,0
Nassau County,week 23,0
Nassau County,week 24,1
Nassau County,week 25,1
Nassau County,week 26,2
Nassau County,week 27,3
Nassau County,week 28,3
Nassau County,week 29,0
Nassau County,week 30,2
Nassau County,week 31,3
Nassau County,week 32,4
Nassau County,week 33,5
Nassau County,week 34,6
Nassau County,week 35,4
Okaloosa County,week 1,0
Okaloosa County,week 2,0
Okaloosa County,week 3,0
Okaloosa County,week 4,0
Okaloosa County,week 5,0
Okaloosa County,week 6,0
Okaloosa County,week 7,0
Okaloosa County,week 8,0
Okaloosa County,week 9,0
Okaloosa County,week 10,1
Okaloosa County,week 11,0
Okaloosa County,week 12,0
Okaloosa County,week 13,2
Okaloosa County,week 14,0
Okaloosa County,week 15,2
Okaloosa County,week 16,0
Okaloosa County,week 17,0
Okaloosa County,week 18,1
Okaloosa County,week 19,0
Okaloosa County,week 20,0
Okaloosa County,week 21,0
Okaloosa County,week 22,0
Okaloosa County,week 23,0
Okaloosa County,week 24,3
Okaloosa County,week 25,1
Okaloosa County,week 26,6
Okaloosa County,week 27,4
Okaloosa County,week 28,14
Okaloosa County,week 29,11
Okaloosa County,week 30,18
Okaloosa County,week 31,11
Okaloosa County,week 32,3
Okaloosa County,week 33,12
Okaloosa County,week 34,5
Okaloosa County,week 35,3
Okeechobee County,week 1,0
Okeechobee County,week 2,0
Okeechobee County,week 3,0
Okeechobee County,week 4,0
Okeechobee County,week 5,0
Okeechobee County,week 6,0
Okeechobee County,week 7,0
Okeechobee County,week 8,0
Okeechobee County,week 9,0
Okeechobee County,week 10,0
Okeechobee County,week 11,0
Okeechobee County,week 12,0
Okeechobee County,week 13,0
Okeechobee County,week 14,0
Okeechobee County,week 15,0
Okeechobee County,week 16,0
Okeechobee County,week 17,0
Okeechobee County,week 18,0
Okeechobee County,week 19,0
Okeechobee County,week 20,0
Okeechobee County,week 21,0
Okeechobee County,week 22,0
Okeechobee County,week 23,0
Okeechobee County,week 24,0
Okeechobee County,week 25,2
Okeechobee County,week 26,0
Okeechobee County,week 27,0
Okeechobee County,week 28,4
Okeechobee County,week 29,6
Okeechobee County,week 30,0
Okeechobee County,week 31,1
Okeechobee County,week 32,2
Okeechobee County,week 33,5
Okeechobee County,week 34,1
Okeechobee County,week 35,1
Orange County,week 1,0
Orange County,week 2,0
Orange County,week 3,0
Orange County,week 4,0
Orange County,week 5,0
Orange County,week 6,0
Orange County,week 7,0
Orange County,week 8,1
Orange County,week 9,1
Orange County,week 10,2
Orange County,week 11,6
Orange County,week 12,8
Orange County,week 13,9
Orange County,week 14,5
Orange County,week 15,3
Orange County,week 16,0
Orange County,week 17,3
Orange County,week 18,1
Orange County,week 19,2
Orange County,week 20,4
Orange County,week 21,2
Orange County,week 22,4
Orange County,week 23,7
Orange County,week 24,3
Orange County,week 25,24
Orange County,week 26,39
Orange County,week 27,50
Orange County,week 28,67
Orange County,week 29,74
Orange County,week 30,37
Orange County,week 31,12
Orange County,week 32,14
Orange County,week 33,9
Orange County,week 34,25
Orange County,week 35,4
Osceola County,week 1,0
Osceola County,week 2,0
Osceola County,week 3,0
Osceola County,week 4,0
Osceola County,week 5,0
Osceola County,week 6,0
Osceola County,week 7,0
Osceola County,week 8,0
Osceola County,week 9,0
Osceola County,week 10,1
Osceola County,week 11,3
Osceola County,week 12,1
Osceola County,week 13,1
Osceola County,week 14,1
Osceola County,week 15,2
Osceola County,week 16,6
Osceola County,week 17,2
Osceola County,week 18,1
Osceola County,week 19,2
Osceola County,week 20,1
Osceola County,week 21,0
Osceola County,week 22,2
Osceola County,week 23,1
Osceola County,week 24,5
Osceola County,week 25,8
Osceola County,week 26,6
Osceola County,week 27,10
Osceola County,week 28,35
Osceola County,week 29,18
Osceola County,week 30,15
Osceola County,week 31,6
Osceola County,week 32,2
Osceola County,week 33,4
Osceola County,week 34,4
Osceola County,week 35,0
Palm Beach County,week 1,0
Palm Beach County,week 2,0
Palm Beach County,week 3,0
Palm Beach County,week 4,0
Palm Beach County,week 5,0
Palm Beach County,week 6,0
Palm Beach County,week 7,0
Palm Beach County,week 8,0
Palm Beach County,week 9,3
Palm Beach County,week 10,11
Palm Beach County,week 11,50
Palm Beach County,week 12,39
Palm Beach County,week 13,28
Palm Beach County,week 14,42
Palm Beach County,week 15,32
Palm Beach County,week 16,40
Palm Beach County,week 17,39
Palm Beach County,week 18,31
Palm Beach County,week 19,36
Palm Beach County,week 20,37
Palm Beach County,week 21,50
Palm Beach County,week 22,38
Palm Beach County,week 23,34
Palm Beach County,week 24,53
Palm Beach County,week 25,61
Palm Beach County,week 26,77
Palm Beach County,week 27,57
Palm Beach County,week 28,103
Palm Beach County,week 29,79
Palm Beach County,week 30,66
Palm Beach County,week 31,60
Palm Beach County,week 32,62
Palm Beach County,week 33,42
Palm Beach County,week 34,46
Palm Beach County,week 35,18
Pasco County,week 1,0
Pasco County,week 2,0
Pasco County,week 3,0
Pasco County,week 4,0
Pasco County,week 5,0
Pasco County,week 6,0
Pasco County,week 7,0
Pasco County,week 8,0
Pasco County,week 9,1
Pasco County,week 10,1
Pasco County,week 11,0
Pasco County,week 12,1
Pasco County,week 13,0
Pasco County,week 14,3
Pasco County,week 15,2
Pasco County,week 16,1
Pasco County,week 17,3
Pasco County,week 18,0
Pasco County,week 19,3
Pasco County,week 20,0
Pasco County,week 21,1
Pasco County,week 22,1
Pasco County,week 23,2
Pasco County,week 24,7
Pasco County,week 25,8
Pasco County,week 26,24
Pasco County,week 27,10
Pasco County,week 28,33
Pasco County,week 29,30
Pasco County,week 30,21
Pasco County,week 31,19
Pasco County,week 32,9
Pasco County,week 33,4
Pasco County,week 34,11
Pasco County,week 35,2
Pinellas County,week 1,0
Pinellas County,week 2,0
Pinellas County,week 3,0
Pinellas County,week 4,0
Pinellas County,week 5,0
Pinellas County,week 6,0
Pinellas County,week 7,0
Pinellas County,week 8,0
Pinellas County,week 9,0
Pinellas County,week 10,5
Pinellas County,week 11,4
Pinellas County,week 12,5
Pinellas County,week 13,4
Pinellas County,week 14,13
Pinellas County,week 15,13
Pinellas County,week 16,18
Pinellas County,week 17,9
Pinellas County,week 18,4
Pinellas County,week 19,15
Pinellas County,week 20,9
Pinellas County,week 21,8
Pinellas County,week 22,22
Pinellas County,week 23,37
Pinellas County,week 24,40
Pinellas County,week 25,56
Pinellas County,week 26,72
Pinellas County,week 27,44
Pinellas County,week 28,82
Pinellas County,week 29,53
Pinellas County,week 30,57
Pinellas County,week 31,60
Pinellas County,week 32,33
Pinellas County,week 33,15
Pinellas County,week 34,32
Pinellas County,week 35,4
Polk County,week 1,0
Polk County,week 2,0
Polk County,week 3,0
Polk County,week 4,0
Polk County,week 5,0
Polk County,week 6,0
Polk County,week 7,0
Polk County,week 8,0
Polk County,week 9,0
Polk County,week 10,1
Polk County,week 11,4
Polk County,week 12,5
Polk County,week 13,5
Polk County,week 14,5
Polk County,week 15,8
Polk County,week 16,7
Polk County,week 17,10
Polk County,week 18,5
Polk County,week 19,8
Polk County,week 20,12
Polk County,week 21,5
Polk County,week 22,3
Polk County,week 23,20
Polk County,week 24,17
Polk County,week 25,36
Polk County,week 26,35
Polk County,week 27,34
Polk County,week 28,66
Polk County,week 29,40
Polk County,week 30,61
Polk County,week 31,32
Polk County,week 32,28
Polk County,week 33,22
Polk County,week 34,25
Polk County,week 35,3
Putnam County,week 1,0
Putnam County,week 2,0
Putnam County,week 3,0
Putnam County,week 4,0
Putnam County,week 5,0
Putnam County,week 6,0
Putnam County,week 7,0
Putnam County,week 8,0
Putnam County,week 9,0
Putnam County,week 10,0
Putnam County,week 11,1
Putnam County,week 12,0
Putnam County,week 13,0
Putnam County,week 14,0
Putnam County,week 15,1
Putnam County,week 16,0
Putnam County,week 17,1
Putnam County,week 18,1
Putnam County,week 19,2
Putnam County,week 20,0
Putnam County,week 21,0
Putnam County,week 22,0
Putnam County,week 23,0
Putnam County,week 24,0
Putnam County,week 25,1
Putnam County,week 26,1
Putnam County,week 27,5
Putnam County,week 28,7
Putnam County,week 29,7
Putnam County,week 30,6
Putnam County,week 31,2
Putnam County,week 32,3
Putnam County,week 33,0
Putnam County,week 34,0
Putnam County,week 35,0
St. Johns County,week 1,0
St. Johns County,week 2,0
St. Johns County,week 3,0
St. Johns County,week 4,0
St. Johns County,week 5,0
St. Johns County,week 6,0
St. Johns County,week 7,0
St. Johns County,week 8,0
St. Johns County,week 9,1
St. Johns County,week 10,1
St. Johns County,week 11,0
St. Johns County,week 12,0
St. Johns County,week 13,2
St. Johns County,week 14,0
St. Johns County,week 15,0
St. Johns County,week 16,0
St. Johns County,week 17,1
St. Johns County,week 18,0
St. Johns County,week 19,1
St. Johns County,week 20,0
St. Johns County,week 21,0
St. Johns County,week 22,1
St. Johns County,week 23,0
St. Johns County,week 24,1
St. Johns County,week 25,4
St. Johns County,week 26,4
St. Johns County,week 27,5
St. Johns County,week 28,9
St. Johns County,week 29,6
St. Johns County,week 30,14
St. Johns County,week 31,3
St. Johns County,week 32,6
St. Johns County,week 33,2
St. Johns County,week 34,2
St. Johns County,week 35,1
St. Lucie County,week 1,0
St. Lucie County,week 2,0
St. Lucie County,week 3,0
St. Lucie County,week 4,0
St. Lucie County,week 5,0
St. Lucie County,week 6,0
St. Lucie County,week 7,0
St. Lucie County,week 8,0
St. Lucie County,week 9,0
St. Lucie County,week 10,2
St. Lucie County,week 11,4
St. Lucie County,week 12,2
St. Lucie County,week 13,8
St. Lucie County,week 14,6
St. Lucie County,week 15,3
St. Lucie County,week 16,1
St. Lucie County,week 17,2
St. Lucie County,week 18,1
St. Lucie County,week 19,2
St. Lucie County,week 20,0
St. Lucie County,week 21,7
St. Lucie County,week 22,4
St. Lucie County,week 23,5
St. Lucie County,week 24,7
St. Lucie County,week 25,10
St. Lucie County,week 26,19
St. Lucie County,week 27,20
St. Lucie County,week 28,27
St. Lucie County,week 29,50
St. Lucie County,week 30,26
St. Lucie County,week 31,18
St. Lucie County,week 32,12
St. Lucie County,week 33,10
St. Lucie County,week 34,10
St. Lucie County,week 35,3
Santa Rosa County,week 1,0
Santa Rosa County,week 2,0
Santa Rosa County,week 3,0
Santa Rosa County,week 4,0
Santa Rosa County,week 5,0
Santa Rosa County,week 6,0
Santa Rosa County,week 7,1
Santa Rosa County,week 8,0
Santa Rosa County,week 9,0
Santa Rosa County,week 10,1
Santa Rosa County,week 11,0
Santa Rosa County,week 12,2
Santa Rosa County,week 13,2
Santa Rosa County,week 14,1
Santa Rosa County,week 15,1
Santa Rosa County,week 16,1
Santa Rosa County,week 17,0
Santa Rosa County,week 18,0
Santa Rosa County,week 19,0
Santa Rosa County,week 20,0
Santa Rosa County,week 21,0
Santa Rosa County,week 22,0
Santa Rosa County,week 23,0
Santa Rosa County,week 24,0
Santa Rosa County,week 25,2
Santa Rosa County,week 26,6
Santa Rosa County,week 27,2
Santa Rosa County,week 28,11
Santa Rosa County,week 29,10
Santa Rosa County,week 30,10
Santa Rosa County,week 31,4
Santa Rosa County,week 32,3
Santa Rosa County,week 33,2
Santa Rosa County,week 34,10
Santa Rosa County,week 35,0
Sarasota County,week 1,0
Sarasota County,week 2,0
Sarasota County,week 3,0
Sarasota County,week 4,0
Sarasota County,week 5,0
Sarasota County,week 6,0
Sarasota County,week 7,0
Sarasota County,week 8,0
Sarasota County,week 9,0
Sarasota County,week 10,3
Sarasota County,week 11,4
Sarasota County,week 12,9
Sarasota County,week 13,14
Sarasota County,week 14,9
Sarasota County,week 15,9
Sarasota County,week 16,9
Sarasota County,week 17,6
Sarasota County,week 18,10
Sarasota County,week 19,7
Sarasota County,week 20,6
Sarasota County,week 21,6
Sarasota County,week 22,3
Sarasota County,week 23,2
Sarasota County,week 24,1
Sarasota County,week 25,2
Sarasota County,week 26,8
Sarasota County,week 27,7
Sarasota County,week 28,13
Sarasota County,week 29,34
Sarasota County,week 30,16
Sarasota County,week 31,9
Sarasota County,week 32,17
Sarasota County,week 33,12
Sarasota County,week 34,23
Sarasota County,week 35,2
Seminole County,week 1,0
Seminole County,week 2,0
Seminole County,week 3,0
Seminole County,week 4,0
Seminole County,week 5,0
Seminole County,week 6,0
Seminole County,week 7,0
Seminole County,week 8,0
Seminole County,week 9,0
Seminole County,week 10,0
Seminole County,week 11,1
Seminole County,week 12,1
Seminole County,week 13,4
Seminole County,week 14,2
Seminole County,week 15,0
Seminole County,week 16,3
Seminole County,week 17,1
Seminole County,week 18,0
Seminole County,week 19,0
Seminole County,week 20,0
Seminole County,week 21,1
Seminole County,week 22,3
Seminole County,week 23,0
Seminole County,week 24,4
Seminole County,week 25,5
Seminole County,week 26,21
Seminole County,week 27,22
Seminole County,week 28,21
Seminole County,week 29,41
Seminole County,week 30,21
Seminole County,week 31,13
Seminole County,week 32,9
Seminole County,week 33,10
Seminole County,week 34,10
Seminole County,week 35,3
Sumter County,week 1,0
Sumter County,week 2,0
Sumter County,week 3,0
Sumter County,week 4,0
Sumter County,week 5,0
Sumter County,week 6,0
Sumter County,week 7,0
Sumter County,week 8,0
Sumter County,week 9,0
Sumter County,week 10,0
Sumter County,week 11,7
Sumter County,week 12,2
Sumter County,week 13,2
Sumter County,week 14,2
Sumter County,week 15,1
Sumter County,week 16,1
Sumter County,week 17,1
Sumter County,week 18,1
Sumter County,week 19,0
Sumter County,week 20,0
Sumter County,week 21,0
Sumter County,week 22,0
Sumter County,week 23,0
Sumter County,week 24,0
Sumter County,week 25,1
Sumter County,week 26,3
Sumter County,week 27,6
Sumter County,week 28,11
Sumter County,week 29,4
Sumter County,week 30,3
Sumter County,week 31,1
Sumter County,week 32,7
Sumter County,week 33,2
Sumter County,week 34,6
Sumter County,week 35,1
Suwannee County,week 1,0
Suwannee County,week 2,0
Suwannee County,week 3,0
Suwannee County,week 4,0
Suwannee County,week 5,0
Suwannee County,week 6,0
Suwannee County,week 7,0
Suwannee County,week 8,0
Suwannee County,week 9,0
Suwannee County,week 10,0
Suwannee County,week 11,0
Suwannee County,week 12,3
Suwannee County,week 13,6
Suwannee County,week 14,5
Suwannee County,week 15,3
Suwannee County,week 16,1
Suwannee County,week 17,0
Suwannee County,week 18,0
Suwannee County,week 19,0
Suwannee County,week 20,0
Suwannee County,week 21,0
Suwannee County,week 22,0
Suwannee County,week 23,2
Suwannee County,week 24,1
Suwannee County,week 25,1
Suwannee County,week 26,4
Suwannee County,week 27,1
Suwannee County,week 28,10
Suwannee County,week 29,7
Suwannee County,week 30,4
Suwannee County,week 31,8
Suwannee County,week 32,4
Suwannee County,week 33,3
Suwannee County,week 34,2
Suwannee County,week 35,0
Taylor County,week 1,0
Taylor County,week 2,0
Taylor County,week 3,0
Taylor County,week 4,0
Taylor County,week 5,0
Taylor County,week 6,0
Taylor County,week 7,0
Taylor County,week 8,0
Taylor County,week 9,0
Taylor County,week 10,0
Taylor County,week 11,0
Taylor County,week 12,0
Taylor County,week 13,0
Taylor County,week 14,0
Taylor County,week 15,0
Taylor County,week 16,0
Taylor County,week 17,0
Taylor County,week 18,0
Taylor County,week 19,0
Taylor County,week 20,0
Taylor County,week 21,0
Taylor County,week 22,0
Taylor County,week 23,0
Taylor County,week 24,1
Taylor County,week 25,0
Taylor County,week 26,1
Taylor County,week 27,1
Taylor County,week 28,1
Taylor County,week 29,1
Taylor County,week 30,0
Taylor County,week 31,0
Taylor County,week 32,4
Taylor County,week 33,1
Taylor County,week 34,1
Taylor County,week 35,0
Union County,week 1,0
Union County,week 2,0
Union County,week 3,0
Union County,week 4,0
Union County,week 5,0
Union County,week 6,0
Union County,week 7,0
Union County,week 8,0
Union County,week 9,0
Union County,week 10,0
Union County,week 11,0
Union County,week 12,0
Union County,week 13,0
Union County,week 14,0
Union County,week 15,0
Union County,week 16,0
Union County,week 17,0
Union County,week 18,0
Union County,week 19,1
Union County,week 20,0
Union County,week 21,0
Union County,week 22,1
Union County,week 23,0
Union County,week 24,0
Union County,week 25,0
Union County,week 26,1
Union County,week 27,1
Union County,week 28,0
Union County,week 29,1
Union County,week 30,0
Union County,week 31,0
Union County,week 32,0
Union County,week 33,0
Union County,week 34,3
Union County,week 35,2
Volusia County,week 1,0
Volusia County,week 2,0
Volusia County,week 3,0
Volusia County,week 4,0
Volusia County,week 5,0
Volusia County,week 6,0
Volusia County,week 7,0
Volusia County,week 8,0
Volusia County,week 9,0
Volusia County,week 10,1
Volusia County,week 11,2
Volusia County,week 12,4
Volusia County,week 13,6
Volusia County,week 14,5
Volusia County,week 15,9
Volusia County,week 16,3
Volusia County,week 17,0
Volusia County,week 18,7
Volusia County,week 19,2
Volusia County,week 20,7
Volusia County,week 21,3
Volusia County,week 22,4
Volusia County,week 23,4
Volusia County,week 24,2
Volusia County,week 25,19
Volusia County,week 26,8
Volusia County,week 27,14
Volusia County,week 28,18
Volusia County,week 29,22
Volusia County,week 30,31
Volusia County,week 31,11
Volusia County,week 32,8
Volusia County,week 33,7
Volusia County,week 34,12
Volusia County,week 35,3
Wakulla County,week 1,0
Wakulla County,week 2,0
Wakulla County,week 3,0
Wakulla County,week 4,0
Wakulla County,week 5,0
Wakulla County,week 6,0
Wakulla County,week 7,0
Wakulla County,week 8,0
Wakulla County,week 9,0
Wakulla County,week 10,0
Wakulla County,week 11,0
Wakulla County,week 12,1
Wakulla County,week 13,0
Wakulla County,week 14,0
Wakulla County,week 15,0
Wakulla County,week 16,0
Wakulla County,week 17,0
Wakulla County,week 18,0
Wakulla County,week 19,0
Wakulla County,week 20,0
Wakulla County,week 21,0
Wakulla County,week 22,0
Wakulla County,week 23,0
Wakulla County,week 24,0
Wakulla County,week 25,0
Wakulla County,week 26,0
Wakulla County,week 27,0
Wakulla County,week 28,3
Wakulla County,week 29,1
Wakulla County,week 30,0
Wakulla County,week 31,1
Wakulla County,week 32,1
Wakulla County,week 33,1
Wakulla County,week 34,1
Wakulla County,week 35,0
Walton County,week 1,0
Walton County,week 2,0
Walton County,week 3,0
Walton County,week 4,0
Walton County,week 5,0
Walton County,week 6,0
Walton County,week 7,0
Walton County,week 8,0
Walton County,week 9,0
Walton County,week 10,0
Walton County,week 11,0
Walton County,week 12,0
Walton County,week 13,0
Walton County,week 14,0
Walton County,week 15,1
Walton County,week 16,1
Walton County,week 17,3
Walton County,week 18,4
Walton County,week 19,0
Walton County,week 20,0
Walton County,week 21,0
Walton County,week 22,0
Walton County,week 23,0
Walton County,week 24,0
Walton County,week 25,1
Walton County,week 26,1
Walton County,week 27,1
Walton County,week 28,2
Walton County,week 29,2
Walton County,week 30,2
Walton County,week 31,2
Walton County,week 32,0
Walton County,week 33,0
Walton County,week 34,2
Walton County,week 35,0
Washington County,week 1,0
Washington County,week 2,0
Washington County,week 3,0
Washington County,week 4,0
Washington County,week 5,0
Washington County,week 6,0
Washington County,week 7,0
Washington County,week 8,0
Washington County,week 9,0
Washington County,week 10,0
Washington County,week 11,0
Washington County,week 12,0
Washington County,week 13,0
Washington County,week 14,0
Washington County,week 15,0
Washington County,week 16,0
Washington County,week 17,1
Washington County,week 18,1
Washington County,week 19,2
Washington County,week 20,4
Washington County,week 21,1
Washington County,week 22,2
Washington County,week 23,1
Washington County,week 24,1
Washington County,week 25,0
Washington County,week 26,0
Washington County,week 27,0
Washington County,week 28,1
Washington County,week 29,0
Washington County,week 30,0
Washington County,week 31,0
Washington County,week 32,2
Washington County,week 33,1
Washington County,week 34,1
Washington County,week 35,0
